time_iso,type,seq,msg_id,t1_browser_ms,t3_python_rx_ms,t4_python_ack_ms,approx_lat_ms,decode_us,process_us,encode_us,total_python_us,linear_x,linear_y,linear_z,angular_x,angular_y,angular_z,t2_python_rx_ms,t3_python_tx_ms,sync_proc_us
2026-06-07T15:48:16.991+00:00,SYNC,1,,1780847296989,,,,,,,,,,,,,,1780847296990,1780847296991,1000
2026-06-07T15:48:17.191+00:00,SYNC,2,,1780847297189,,,,,,,,,,,,,,1780847297191,1780847297191,0
2026-06-07T15:48:17.392+00:00,SYNC,3,,1780847297389,,,,,,,,,,,,,,1780847297391,1780847297391,0
2026-06-07T15:48:17.593+00:00,SYNC,4,,1780847297590,,,,,,,,,,,,,,1780847297592,1780847297592,0
2026-06-07T15:48:17.793+00:00,SYNC,5,,1780847297791,,,,,,,,,,,,,,1780847297792,1780847297793,1000
2026-06-07T15:49:00.081+00:00,SYNC,1,,1780847340078,,,,,,,,,,,,,,1780847340080,1780847340080,0
2026-06-07T15:49:00.281+00:00,SYNC,2,,1780847340279,,,,,,,,,,,,,,1780847340280,1780847340281,1000
2026-06-07T15:49:00.482+00:00,SYNC,3,,1780847340479,,,,,,,,,,,,,,1780847340481,1780847340481,0
2026-06-07T15:49:00.683+00:00,SYNC,4,,1780847340680,,,,,,,,,,,,,,1780847340682,1780847340682,0
2026-06-07T15:49:00.884+00:00,SYNC,5,,1780847340881,,,,,,,,,,,,,,1780847340883,1780847340883,0
2026-06-07T15:49:11.085+00:00,SYNC,6,,1780847351082,,,,,,,,,,,,,,1780847351085,1780847351085,0
2026-06-07T15:49:21.085+00:00,SYNC,7,,1780847361083,,,,,,,,,,,,,,1780847361084,1780847361084,0
2026-06-07T15:49:31.085+00:00,SYNC,8,,1780847371083,,,,,,,,,,,,,,1780847371084,1780847371084,0
2026-06-07T15:49:41.086+00:00,SYNC,9,,1780847381083,,,,,,,,,,,,,,1780847381085,1780847381085,0
2026-06-07T15:49:51.086+00:00,SYNC,10,,1780847391084,,,,,,,,,,,,,,1780847391085,1780847391085,0
2026-06-07T15:50:01.086+00:00,SYNC,11,,1780847401084,,,,,,,,,,,,,,1780847401085,1780847401085,0
2026-06-07T15:50:11.086+00:00,SYNC,12,,1780847411084,,,,,,,,,,,,,,1780847411085,1780847411086,1000
2026-06-07T15:50:21.087+00:00,SYNC,13,,1780847421084,,,,,,,,,,,,,,1780847421086,1780847421086,0
2026-06-07T15:50:31.087+00:00,SYNC,14,,1780847431084,,,,,,,,,,,,,,1780847431086,1780847431086,0
2026-06-07T15:50:41.087+00:00,SYNC,15,,1780847441084,,,,,,,,,,,,,,1780847441086,1780847441086,0
2026-06-07T15:50:51.087+00:00,SYNC,16,,1780847451084,,,,,,,,,,,,,,1780847451086,1780847451086,0
2026-06-07T15:51:01.087+00:00,SYNC,17,,1780847461085,,,,,,,,,,,,,,1780847461087,1780847461087,0
2026-06-07T15:51:11.088+00:00,SYNC,18,,1780847471085,,,,,,,,,,,,,,1780847471087,1780847471087,0
2026-06-07T15:51:13.441+00:00,SYNC,19,,1780847473438,,,,,,,,,,,,,,1780847473440,1780847473440,0
2026-06-07T15:51:21.090+00:00,SYNC,20,,1780847481088,,,,,,,,,,,,,,1780847481089,1780847481089,0
2026-06-07T15:51:31.090+00:00,SYNC,21,,1780847491088,,,,,,,,,,,,,,1780847491090,1780847491090,0
2026-06-07T16:13:33.216+00:00,SYNC,1,,1780848813214,,,,,,,,,,,,,,1780848813216,1780848813216,0
2026-06-07T16:13:33.418+00:00,SYNC,2,,1780848813416,,,,,,,,,,,,,,1780848813418,1780848813418,0
2026-06-07T16:13:33.619+00:00,SYNC,3,,1780848813617,,,,,,,,,,,,,,1780848813618,1780848813618,0
2026-06-07T16:13:33.832+00:00,SYNC,4,,1780848813823,,,,,,,,,,,,,,1780848813826,1780848813827,1000
2026-06-07T16:13:34.026+00:00,SYNC,5,,1780848814023,,,,,,,,,,,,,,1780848814025,1780848814026,1000
2026-06-07T16:13:44.227+00:00,SYNC,6,,1780848824224,,,,,,,,,,,,,,1780848824226,1780848824227,1000
2026-06-07T16:13:54.227+00:00,SYNC,7,,1780848834225,,,,,,,,,,,,,,1780848834227,1780848834227,0
2026-06-07T16:14:04.227+00:00,SYNC,8,,1780848844225,,,,,,,,,,,,,,1780848844227,1780848844227,0
2026-06-07T16:14:14.227+00:00,SYNC,9,,1780848854226,,,,,,,,,,,,,,1780848854227,1780848854227,0
2026-06-07T17:22:55.976+00:00,SYNC,1,,1780852975973,,,,,,,,,,,,,,1780852975975,1780852975975,0
2026-06-07T17:22:55.979+00:00,SYNC,2,,1780852975974,,,,,,,,,,,,,,1780852975978,1780852975978,0
2026-06-07T17:22:56.178+00:00,TWIST,3,50,1780852976173,1780852976176,0,3,493,401,423,1317,0.0,0.5,0.0,0.0,0.0,0.0,,,
2026-06-07T17:22:56.252+00:00,TWIST,4,51,1780852976246,1780852976249,0,3,449,453,366,1268,0.0,0.5,0.0,0.0,0.0,0.0,,,
2026-06-07T17:22:56.289+00:00,TWIST,5,52,1780852976283,1780852976286,0,3,520,506,668,1694,0.0,0.5,0.0,0.0,0.0,0.0,,,
2026-06-07T17:22:56.407+00:00,TWIST,6,53,1780852976401,1780852976404,0,3,448,526,383,1357,0.0,0.5,0.0,0.0,0.0,-0.5,,,
2026-06-07T17:22:56.433+00:00,TWIST,7,54,1780852976426,1780852976430,0,4,970,559,527,2056,0.0,0.5,0.0,0.0,0.0,-0.5,,,
2026-06-07T17:22:56.479+00:00,TWIST,8,55,1780852976473,1780852976476,0,3,557,717,513,1787,0.0,0.5,0.0,0.0,0.0,-0.5,,,
2026-06-07T17:22:56.539+00:00,TWIST,9,56,1780852976533,1780852976536,0,3,614,670,551,1835,0.0,0.0,0.0,0.0,0.0,-0.5,,,
2026-06-07T17:22:56.583+00:00,TWIST,10,57,1780852976577,1780852976580,0,3,588,538,491,1617,0.0,0.0,0.0,0.0,0.0,-0.5,,,
2026-06-07T17:22:56.630+00:00,TWIST,11,58,1780852976623,1780852976627,0,4,534,544,866,1944,0.0,0.0,0.0,0.0,0.0,-0.5,,,
2026-06-07T17:22:56.678+00:00,TWIST,12,59,1780852976673,1780852976675,0,2,418,440,349,1207,0.0,-0.5,0.0,0.0,0.0,0.5,,,
2026-06-07T17:22:56.732+00:00,TWIST,13,60,1780852976725,1780852976728,0,3,539,507,521,1567,0.0,-0.5,0.0,0.0,0.0,0.0,,,
2026-06-07T17:22:56.790+00:00,TWIST,14,61,1780852976782,1780852976787,0,5,705,488,634,1827,0.0,-0.5,0.0,0.0,0.0,-0.5,,,
2026-06-07T17:22:56.853+00:00,TWIST,15,62,1780852976847,1780852976850,0,3,497,524,422,1443,0.0,0.0,0.0,0.0,0.0,-0.5,,,
2026-06-07T17:22:56.895+00:00,TWIST,16,63,1780852976888,1780852976892,0,4,594,574,510,1678,0.0,0.0,0.0,0.0,0.0,-0.5,,,
2026-06-07T17:22:56.930+00:00,TWIST,17,64,1780852976923,1780852976926,0,3,646,933,700,2279,0.0,0.0,0.0,0.0,0.0,-0.5,,,
2026-06-07T17:22:56.995+00:00,TWIST,18,65,1780852976973,1780852976982,0,9,494,10650,487,11631,0.0,0.0,0.0,0.0,0.0,-0.5,,,
2026-06-07T17:22:57.032+00:00,TWIST,19,66,1780852977023,1780852977027,0,4,518,2565,530,3613,0.0,0.0,0.0,0.0,0.0,-0.5,,,
2026-06-07T17:22:57.081+00:00,TWIST,20,67,1780852977073,1780852977077,0,4,539,1006,511,2056,0.0,0.0,0.0,0.0,0.0,-0.5,,,
2026-06-07T17:22:57.128+00:00,TWIST,21,68,1780852977123,1780852977126,0,3,558,533,473,1564,0.0,0.0,0.0,0.0,0.0,-0.5,,,
2026-06-07T17:22:57.179+00:00,TWIST,22,69,1780852977173,1780852977176,0,3,621,397,552,1570,0.0,0.0,0.0,0.0,0.0,0.5,,,
2026-06-07T17:22:57.231+00:00,TWIST,23,70,1780852977223,1780852977226,0,3,537,2587,505,3629,0.0,-0.5,0.0,0.0,0.0,0.5,,,
2026-06-07T17:22:57.288+00:00,TWIST,24,71,1780852977278,1780852977282,0,4,510,543,3598,4651,0.0,-0.5,0.0,0.0,0.0,0.5,,,
2026-06-07T17:22:57.331+00:00,TWIST,25,72,1780852977325,1780852977328,0,3,557,1036,516,2109,0.0,-0.5,0.0,0.0,0.0,0.5,,,
2026-06-07T17:22:57.390+00:00,TWIST,26,73,1780852977384,1780852977387,0,3,604,572,538,1714,0.0,-0.5,0.0,0.0,0.0,-0.5,,,
2026-06-07T17:22:57.447+00:00,TWIST,27,74,1780852977440,1780852977444,0,4,674,831,451,1956,0.0,0.0,0.0,0.0,0.0,-0.5,,,
2026-06-07T17:22:57.498+00:00,TWIST,28,75,1780852977493,1780852977496,0,3,376,524,435,1335,0.0,0.0,0.0,0.0,0.0,-0.5,,,
2026-06-07T17:22:57.538+00:00,TWIST,29,76,1780852977532,1780852977535,0,3,564,513,506,1583,0.0,0.0,0.0,0.0,0.0,-0.5,,,
2026-06-07T17:22:57.638+00:00,TWIST,30,77,1780852977632,1780852977635,0,3,595,559,604,1758,0.0,0.5,0.0,0.0,0.0,0.5,,,
2026-06-07T17:22:57.683+00:00,TWIST,31,78,1780852977676,1780852977680,0,4,610,560,1075,2245,0.0,0.5,0.0,0.0,0.0,0.5,,,
2026-06-07T17:22:57.756+00:00,TWIST,32,79,1780852977741,1780852977745,0,4,575,5215,559,6349,0.0,0.5,0.0,0.0,0.0,0.0,,,
2026-06-07T17:22:57.801+00:00,TWIST,33,80,1780852977794,1780852977798,0,4,665,736,432,1833,0.0,0.5,0.0,0.0,0.0,-0.5,,,
2026-06-07T17:22:57.870+00:00,TWIST,34,81,1780852977859,1780852977863,0,4,717,488,4512,5717,0.0,0.0,0.0,0.0,0.0,-0.5,,,
2026-06-07T17:22:57.937+00:00,TWIST,35,82,1780852977902,1780852977917,0,15,508,12130,608,13246,0.0,0.0,0.0,0.0,0.0,-0.5,,,
2026-06-07T17:22:58.097+00:00,TWIST,36,83,1780852978079,1780852978082,0,3,546,570,494,1610,0.0,-0.5,0.0,0.0,0.0,0.0,,,
2026-06-07T17:22:58.328+00:00,TWIST,37,84,1780852978320,1780852978325,0,5,757,967,637,2361,0.0,0.5,0.0,0.0,0.0,0.5,,,
2026-06-07T17:22:58.405+00:00,TWIST,38,85,1780852978390,1780852978397,0,7,2258,648,644,3550,0.0,0.5,0.0,0.0,0.0,0.0,,,
2026-06-07T17:22:58.441+00:00,TWIST,39,86,1780852978431,1780852978437,0,6,616,557,1532,2705,0.0,0.5,0.0,0.0,0.0,-0.5,,,
2026-06-07T17:22:58.497+00:00,TWIST,40,87,1780852978475,1780852978483,0,8,574,4905,2067,7546,0.0,0.5,0.0,0.0,0.0,-0.5,,,
2026-06-07T17:22:58.570+00:00,TWIST,41,88,1780852978564,1780852978568,0,4,641,522,466,1629,0.0,0.0,0.0,0.0,0.0,-0.5,,,
2026-06-07T17:22:58.598+00:00,TWIST,42,89,1780852978587,1780852978592,0,5,546,473,4267,5286,0.0,0.0,0.0,0.0,0.0,-0.5,,,
2026-06-07T17:22:58.716+00:00,TWIST,43,90,1780852978711,1780852978713,0,2,321,414,356,1091,0.0,-0.5,0.0,0.0,0.0,0.0,,,
2026-06-07T17:22:58.770+00:00,TWIST,44,91,1780852978750,1780852978755,0,5,4401,501,5195,10097,0.0,-0.5,0.0,0.0,0.0,0.0,,,
2026-06-07T17:22:58.847+00:00,TWIST,45,92,1780852978843,1780852978845,0,2,476,475,504,1455,0.0,0.0,0.0,0.0,0.0,-0.5,,,
2026-06-07T17:22:58.895+00:00,TWIST,46,93,1780852978886,1780852978890,0,4,672,1554,618,2844,0.0,0.0,0.0,0.0,0.0,-0.5,,,
2026-06-07T17:22:58.930+00:00,TWIST,47,94,1780852978923,1780852978927,0,4,562,750,587,1899,0.0,0.0,0.0,0.0,0.0,-0.5,,,
2026-06-07T17:22:58.983+00:00,TWIST,48,95,1780852978973,1780852978979,0,6,1688,659,508,2855,0.0,0.0,0.0,0.0,0.0,-0.5,,,
2026-06-07T17:22:59.030+00:00,TWIST,49,96,1780852979023,1780852979027,0,4,607,953,565,2125,0.0,0.5,0.0,0.0,0.0,-0.5,,,
2026-06-07T17:22:59.083+00:00,TWIST,50,97,1780852979075,1780852979080,0,5,689,475,520,1684,0.0,0.5,0.0,0.0,0.0,-0.5,,,
2026-06-07T17:22:59.131+00:00,TWIST,51,98,1780852979123,1780852979128,0,5,654,987,524,2165,0.0,0.5,0.0,0.0,0.0,0.0,,,
2026-06-07T17:22:59.191+00:00,TWIST,52,99,1780852979182,1780852979186,0,4,768,2122,751,3641,0.0,0.5,0.0,0.0,0.0,0.0,,,
2026-06-07T17:22:59.255+00:00,TWIST,53,100,1780852979249,1780852979253,0,4,494,715,377,1586,0.0,0.5,0.0,0.0,0.0,-0.5,,,
2026-06-07T17:22:59.294+00:00,TWIST,54,101,1780852979287,1780852979291,0,4,531,539,786,1856,0.0,0.0,0.0,0.0,0.0,-0.5,,,
2026-06-07T17:22:59.330+00:00,TWIST,55,102,1780852979323,1780852979326,0,3,516,1685,432,2633,0.0,0.0,0.0,0.0,0.0,-0.5,,,
2026-06-07T17:22:59.379+00:00,TWIST,56,103,1780852979373,1780852979376,0,3,567,623,501,1691,0.0,0.0,0.0,0.0,0.0,-0.5,,,
2026-06-07T17:22:59.441+00:00,TWIST,57,104,1780852979435,1780852979439,0,4,362,434,384,1180,0.0,-0.5,0.0,0.0,0.0,-0.5,,,
2026-06-07T17:22:59.491+00:00,TWIST,58,105,1780852979483,1780852979486,0,3,648,740,548,1936,0.0,-0.5,0.0,0.0,0.0,0.0,,,
2026-06-07T17:22:59.535+00:00,TWIST,59,106,1780852979527,1780852979531,0,4,535,914,580,2029,0.0,-0.5,0.0,0.0,0.0,0.0,,,
2026-06-07T17:22:59.581+00:00,TWIST,60,107,1780852979574,1780852979577,0,3,1298,525,471,2294,0.0,-0.5,0.0,0.0,0.0,0.0,,,
2026-06-07T17:22:59.650+00:00,TWIST,61,108,1780852979638,1780852979644,0,6,680,813,652,2145,0.0,-0.5,0.0,0.0,0.0,-0.5,,,
2026-06-07T17:22:59.710+00:00,TWIST,62,109,1780852979703,1780852979707,0,4,586,449,628,1663,0.0,0.0,0.0,0.0,0.0,-0.5,,,
2026-06-07T17:22:59.755+00:00,SYNC,63,,1780852979748,,,,,,,,,,,,,,1780852979754,1780852979754,0
2026-06-07T17:23:00.378+00:00,TWIST,64,110,1780852980373,1780852980376,0,3,522,491,431,1444,0.0,-0.5,0.0,0.0,0.0,0.0,,,
2026-06-07T17:23:00.430+00:00,TWIST,65,111,1780852980424,1780852980427,0,3,446,535,375,1356,0.0,-0.5,0.0,0.0,0.0,0.0,,,
2026-06-07T17:23:00.479+00:00,TWIST,66,112,1780852980473,1780852980476,0,3,491,593,540,1624,0.0,-0.5,0.0,0.0,0.0,0.0,,,
2026-06-07T17:23:00.530+00:00,TWIST,67,113,1780852980523,1780852980527,0,4,872,541,515,1928,0.0,-0.5,0.0,0.0,0.0,0.0,,,
2026-06-07T17:23:00.578+00:00,TWIST,68,114,1780852980573,1780852980576,0,3,552,336,432,1320,0.0,0.0,0.0,0.0,0.0,-0.5,,,
2026-06-07T17:23:00.629+00:00,TWIST,69,115,1780852980623,1780852980626,0,3,604,515,489,1608,0.0,0.0,0.0,0.0,0.0,-0.5,,,
2026-06-07T17:23:00.682+00:00,TWIST,70,116,1780852980675,1780852980679,0,4,488,609,435,1532,0.0,0.0,0.0,0.0,0.0,-0.5,,,
2026-06-07T17:23:00.743+00:00,TWIST,71,117,1780852980737,1780852980740,0,3,633,755,535,1923,0.0,0.0,0.0,0.0,0.0,0.5,,,
2026-06-07T17:23:00.793+00:00,TWIST,72,118,1780852980786,1780852980789,0,3,453,523,435,1411,0.0,0.5,0.0,0.0,0.0,0.5,,,
2026-06-07T17:23:00.835+00:00,TWIST,73,119,1780852980826,1780852980830,0,4,1791,1082,793,3666,0.0,0.5,0.0,0.0,0.0,0.5,,,
2026-06-07T17:23:00.899+00:00,TWIST,74,120,1780852980892,1780852980896,0,4,614,607,536,1757,0.0,0.5,0.0,0.0,0.0,0.0,,,
2026-06-07T17:23:00.930+00:00,TWIST,75,121,1780852980923,1780852980926,0,3,605,780,642,2027,0.0,0.5,0.0,0.0,0.0,0.0,,,
2026-06-07T17:23:00.981+00:00,TWIST,76,122,1780852980973,1780852980976,0,3,428,417,3018,3863,0.0,0.5,0.0,0.0,0.0,-0.5,,,
2026-06-07T17:23:01.041+00:00,TWIST,77,123,1780852981036,1780852981039,0,3,545,489,463,1497,0.0,0.0,0.0,0.0,0.0,-0.5,,,
2026-06-07T17:23:01.086+00:00,TWIST,78,124,1780852981080,1780852981084,0,4,529,316,481,1326,0.0,-0.5,0.0,0.0,0.0,-0.5,,,
2026-06-07T17:23:01.129+00:00,TWIST,79,125,1780852981123,1780852981126,0,3,473,602,423,1498,0.0,-0.5,0.0,0.0,0.0,0.0,,,
2026-06-07T17:23:01.179+00:00,TWIST,80,126,1780852981173,1780852981176,0,3,545,535,427,1507,0.0,-0.5,0.0,0.0,0.0,0.0,,,
2026-06-07T17:23:01.229+00:00,TWIST,81,127,1780852981223,1780852981226,0,3,645,498,502,1645,0.0,-0.5,0.0,0.0,0.0,-0.5,,,
2026-06-07T17:23:01.278+00:00,TWIST,82,128,1780852981273,1780852981276,0,3,459,472,482,1413,0.0,0.0,0.0,0.0,0.0,-0.5,,,
2026-06-07T17:23:01.329+00:00,TWIST,83,129,1780852981323,1780852981326,0,3,515,523,460,1498,0.0,0.0,0.0,0.0,0.0,-0.5,,,
2026-06-07T17:23:01.383+00:00,TWIST,84,130,1780852981373,1780852981378,0,5,640,2705,581,3926,0.0,0.0,0.0,0.0,0.0,-0.5,,,
2026-06-07T17:23:01.444+00:00,TWIST,85,131,1780852981438,1780852981441,0,3,546,565,495,1606,0.0,0.5,0.0,0.0,0.0,0.5,,,
2026-06-07T17:23:01.482+00:00,TWIST,86,132,1780852981475,1780852981478,0,3,468,1650,488,2606,0.0,0.5,0.0,0.0,0.0,0.5,,,
2026-06-07T17:23:01.538+00:00,TWIST,87,133,1780852981529,1780852981531,0,2,514,4208,534,5256,0.0,0.5,0.0,0.0,0.0,-0.5,,,
2026-06-07T17:23:01.633+00:00,TWIST,88,134,1780852981619,1780852981624,0,5,606,6780,512,7898,0.0,0.0,0.0,0.0,0.0,-0.5,,,
2026-06-07T17:23:01.647+00:00,TWIST,89,135,1780852981624,1780852981641,0,17,646,1432,1583,3661,0.0,0.0,0.0,0.0,0.0,-0.5,,,
2026-06-07T17:23:01.693+00:00,TWIST,90,136,1780852981683,1780852981686,0,3,551,723,3545,4819,0.0,-0.5,0.0,0.0,0.0,-0.5,,,
2026-06-07T17:23:01.786+00:00,TWIST,91,137,1780852981776,1780852981780,0,4,479,569,453,1501,0.0,-0.5,0.0,0.0,0.0,0.0,,,
2026-06-07T17:23:01.931+00:00,TWIST,92,138,1780852981911,1780852981925,0,14,518,456,4506,5480,0.0,0.0,0.0,0.0,0.0,-0.5,,,
2026-06-07T17:23:02.118+00:00,TWIST,93,139,1780852982090,1780852982106,0,16,496,565,463,1524,0.0,0.0,0.0,0.0,0.0,0.5,,,
2026-06-07T17:23:02.194+00:00,TWIST,94,140,1780852982172,1780852982179,0,7,525,517,12149,13191,0.0,0.5,0.0,0.0,0.0,-0.5,,,
2026-06-07T17:23:02.256+00:00,TWIST,95,141,1780852982249,1780852982253,0,4,623,839,508,1970,0.0,0.5,0.0,0.0,0.0,-0.5,,,
2026-06-07T17:23:02.306+00:00,TWIST,96,142,1780852982293,1780852982303,0,10,578,493,537,1608,0.0,0.5,0.0,0.0,0.0,0.0,,,
2026-06-07T17:23:02.333+00:00,TWIST,97,143,1780852982323,1780852982327,0,4,599,574,4141,5314,0.0,0.5,0.0,0.0,0.0,0.0,,,
2026-06-07T17:23:02.411+00:00,TWIST,98,144,1780852982404,1780852982408,0,4,604,437,535,1576,0.0,0.0,0.0,0.0,0.0,-0.5,,,
2026-06-07T17:23:02.432+00:00,TWIST,99,145,1780852982424,1780852982427,0,3,565,654,797,2016,0.0,0.0,0.0,0.0,0.0,-0.5,,,
2026-06-07T17:23:02.486+00:00,TWIST,100,146,1780852982473,1780852982478,0,5,596,6185,537,7318,0.0,0.0,0.0,0.0,0.0,-0.5,,,
2026-06-07T17:23:02.530+00:00,TWIST,101,147,1780852982523,1780852982527,0,4,576,479,493,1548,0.0,-0.5,0.0,0.0,0.0,-0.5,,,
2026-06-07T17:23:02.589+00:00,TWIST,102,148,1780852982580,1780852982582,0,2,506,458,4195,5159,0.0,-0.5,0.0,0.0,0.0,0.0,,,
2026-06-07T17:23:02.632+00:00,TWIST,103,149,1780852982623,1780852982629,0,6,1064,644,458,2166,0.0,-0.5,0.0,0.0,0.0,0.0,,,
2026-06-07T17:23:02.697+00:00,TWIST,104,150,1780852982689,1780852982692,0,3,1561,546,561,2668,0.0,0.0,0.0,0.0,0.0,-0.5,,,
2026-06-07T17:23:02.734+00:00,TWIST,105,151,1780852982727,1780852982730,0,3,565,456,978,1999,0.0,0.0,0.0,0.0,0.0,-0.5,,,
2026-06-07T17:23:02.807+00:00,TWIST,106,152,1780852982796,1780852982801,0,5,556,3710,662,4928,0.0,0.5,0.0,0.0,0.0,-0.5,,,
2026-06-07T17:23:02.859+00:00,TWIST,107,153,1780852982847,1780852982852,0,5,543,4343,507,5393,0.0,0.5,0.0,0.0,0.0,0.5,,,
2026-06-07T17:23:02.885+00:00,TWIST,108,154,1780852982879,1780852982882,0,3,527,605,383,1515,0.0,0.5,0.0,0.0,0.0,0.5,,,
2026-06-07T17:23:02.935+00:00,TWIST,109,155,1780852982928,1780852982931,0,3,559,448,1423,2430,0.0,0.5,0.0,0.0,0.0,0.5,,,
2026-06-07T17:23:02.998+00:00,TWIST,110,156,1780852982989,1780852982993,0,4,530,569,2452,3551,0.0,0.5,0.0,0.0,0.0,-0.5,,,
2026-06-07T17:23:03.033+00:00,TWIST,111,157,1780852983027,1780852983030,0,3,480,420,1477,2377,0.0,0.0,0.0,0.0,0.0,-0.5,,,
2026-06-07T17:23:03.085+00:00,TWIST,112,158,1780852983074,1780852983082,0,8,515,443,420,1378,0.0,0.0,0.0,0.0,0.0,-0.5,,,
2026-06-07T17:23:03.136+00:00,TWIST,113,159,1780852983123,1780852983130,0,7,519,753,431,1703,0.0,-0.5,0.0,0.0,0.0,-0.5,,,
2026-06-07T17:23:03.242+00:00,TWIST,114,160,1780852983236,1780852983239,0,3,579,678,551,1808,0.0,-0.5,0.0,0.0,0.0,0.0,,,
2026-06-07T17:23:03.295+00:00,TWIST,115,161,1780852983288,1780852983291,0,3,506,587,409,1502,0.0,-0.5,0.0,0.0,0.0,-0.5,,,
2026-06-07T17:23:03.362+00:00,TWIST,116,162,1780852983356,1780852983359,0,3,552,566,649,1767,0.0,0.0,0.0,0.0,0.0,-0.5,,,
2026-06-07T17:23:03.390+00:00,TWIST,117,163,1780852983385,1780852983387,0,2,442,518,358,1318,0.0,0.0,0.0,0.0,0.0,-0.5,,,
2026-06-07T17:23:03.446+00:00,TWIST,118,164,1780852983432,1780852983441,0,9,1083,569,2115,3767,0.0,0.0,0.0,0.0,0.0,-0.5,,,
2026-06-07T17:23:03.484+00:00,TWIST,119,165,1780852983478,1780852983481,0,3,507,557,447,1511,0.0,0.0,0.0,0.0,0.0,-0.5,,,
2026-06-07T17:23:03.538+00:00,TWIST,120,166,1780852983528,1780852983534,0,6,543,628,488,1659,0.0,0.0,0.0,0.0,0.0,-0.5,,,
2026-06-07T17:23:03.596+00:00,TWIST,121,167,1780852983589,1780852983592,0,3,555,1118,539,2212,0.0,0.5,0.0,0.0,0.0,0.5,,,
2026-06-07T17:23:03.635+00:00,TWIST,122,168,1780852983628,1780852983632,0,4,720,496,567,1783,0.0,0.5,0.0,0.0,0.0,0.5,,,
2026-06-07T17:23:03.678+00:00,TWIST,123,169,1780852983673,1780852983676,0,3,531,506,448,1485,0.0,0.5,0.0,0.0,0.0,0.5,,,
2026-06-07T17:23:03.735+00:00,SYNC,124,,1780852983730,,,,,,,,,,,,,,1780852983733,1780852983734,1000
2026-06-07T17:23:03.798+00:00,TWIST,125,170,1780852983790,1780852983793,0,3,626,1303,748,2677,0.0,0.0,0.0,0.0,0.0,-0.5,,,
2026-06-07T17:23:03.863+00:00,TWIST,126,171,1780852983855,1780852983860,0,5,510,496,498,1504,0.0,-0.5,0.0,0.0,0.0,-0.5,,,
2026-06-07T17:23:03.894+00:00,TWIST,127,172,1780852983888,1780852983891,0,3,569,542,519,1630,0.0,-0.5,0.0,0.0,0.0,0.0,,,
2026-06-07T17:23:03.942+00:00,TWIST,128,173,1780852983935,1780852983939,0,4,387,403,502,1292,0.0,-0.5,0.0,0.0,0.0,0.0,,,
2026-06-07T17:23:03.990+00:00,TWIST,129,174,1780852983976,1780852983987,0,11,370,503,337,1210,0.0,-0.5,0.0,0.0,0.0,0.0,,,
2026-06-07T17:23:04.032+00:00,TWIST,130,175,1780852984024,1780852984028,0,4,399,777,503,1679,0.0,-0.5,0.0,0.0,0.0,0.0,,,
2026-06-07T17:23:04.128+00:00,TWIST,131,176,1780852984123,1780852984125,0,2,476,425,449,1350,0.0,0.0,0.0,0.0,0.0,-0.5,,,
2026-06-07T17:23:04.179+00:00,TWIST,132,177,1780852984173,1780852984176,0,3,568,408,496,1472,0.0,0.0,0.0,0.0,0.0,-0.5,,,
2026-06-07T17:23:04.778+00:00,TWIST,133,178,1780852984773,1780852984775,0,2,450,371,369,1190,0.0,0.0,0.0,0.0,0.0,-0.5,,,
2026-06-07T17:23:04.828+00:00,TWIST,134,179,1780852984823,1780852984826,0,3,484,340,390,1214,0.0,0.0,0.0,0.0,0.0,-0.5,,,
2026-06-07T17:23:04.881+00:00,TWIST,135,180,1780852984873,1780852984876,0,3,608,2104,657,3369,0.0,0.0,0.0,0.0,0.0,-0.5,,,
2026-06-07T17:23:04.932+00:00,TWIST,136,181,1780852984926,1780852984929,0,3,649,630,561,1840,0.0,0.5,0.0,0.0,0.0,-0.5,,,
2026-06-07T17:23:04.986+00:00,TWIST,137,182,1780852984980,1780852984983,0,3,559,515,509,1583,0.0,0.5,0.0,0.0,0.0,-0.5,,,
2026-06-07T17:23:05.039+00:00,TWIST,138,183,1780852985033,1780852985036,0,3,568,479,538,1585,0.0,0.5,0.0,0.0,0.0,0.5,,,
2026-06-07T17:23:05.104+00:00,TWIST,139,184,1780852985098,1780852985101,0,3,645,599,560,1804,0.0,0.5,0.0,0.0,0.0,-0.5,,,
2026-06-07T17:23:05.134+00:00,TWIST,140,185,1780852985128,1780852985131,0,3,506,587,521,1614,0.0,0.0,0.0,0.0,0.0,-0.5,,,
2026-06-07T17:23:05.181+00:00,TWIST,141,186,1780852985174,1780852985178,0,4,612,586,504,1702,0.0,0.0,0.0,0.0,0.0,-0.5,,,
2026-06-07T17:23:05.229+00:00,TWIST,142,187,1780852985223,1780852985226,0,3,585,1106,509,2200,0.0,-0.5,0.0,0.0,0.0,-0.5,,,
2026-06-07T17:23:05.290+00:00,TWIST,143,188,1780852985286,1780852985288,0,2,341,378,390,1109,0.0,-0.5,0.0,0.0,0.0,0.5,,,
2026-06-07T17:23:05.335+00:00,TWIST,144,189,1780852985329,1780852985332,0,3,483,514,407,1404,0.0,-0.5,0.0,0.0,0.0,-0.5,,,
2026-06-07T17:23:05.380+00:00,TWIST,145,190,1780852985373,1780852985375,0,2,853,902,466,2221,0.0,-0.5,0.0,0.0,0.0,-0.5,,,
2026-06-07T17:23:05.439+00:00,TWIST,146,191,1780852985433,1780852985436,0,3,579,565,541,1685,0.0,0.0,0.0,0.0,0.0,-0.5,,,
2026-06-07T17:23:05.491+00:00,TWIST,147,192,1780852985480,1780852985485,0,5,3701,594,539,4834,0.0,0.0,0.0,0.0,0.0,-0.5,,,
2026-06-07T17:23:05.546+00:00,SYNC,148,,1780852985543,,,,,,,,,,,,,,1780852985545,1780852985545,0
2026-06-07T17:23:05.976+00:00,SYNC,149,,1780852985973,,,,,,,,,,,,,,1780852985975,1780852985975,0
2026-06-07T17:23:06.575+00:00,SYNC,150,,1780852986573,,,,,,,,,,,,,,1780852986575,1780852986575,0
2026-06-07T17:23:07.576+00:00,SYNC,151,,1780852987573,,,,,,,,,,,,,,1780852987575,1780852987575,0
2026-06-07T17:23:07.826+00:00,TWIST,152,193,1780852987823,1780852987825,0,2,383,303,262,948,0.0,0.0,0.0,0.0,0.0,0.5,,,
2026-06-07T17:23:07.878+00:00,TWIST,153,194,1780852987873,1780852987875,0,2,453,478,395,1326,0.0,0.0,0.0,0.0,0.0,0.5,,,
2026-06-07T17:23:07.928+00:00,TWIST,154,195,1780852987923,1780852987926,0,3,457,441,361,1259,0.0,0.0,0.0,0.0,0.0,0.5,,,
2026-06-07T17:23:07.978+00:00,TWIST,155,196,1780852987973,1780852987976,0,3,461,461,376,1298,0.0,0.0,0.0,0.0,0.0,0.5,,,
2026-06-07T17:23:08.038+00:00,TWIST,156,197,1780852988028,1780852988033,0,5,1592,635,825,3052,0.0,0.0,0.0,0.0,0.0,0.5,,,
2026-06-07T17:23:08.080+00:00,TWIST,157,198,1780852988073,1780852988078,0,5,551,531,454,1536,0.0,0.5,0.0,0.0,0.0,0.5,,,
2026-06-07T17:23:08.129+00:00,TWIST,158,199,1780852988123,1780852988126,0,3,643,678,460,1781,0.0,0.5,0.0,0.0,0.0,-0.5,,,
2026-06-07T17:23:08.178+00:00,TWIST,159,200,1780852988173,1780852988176,0,3,395,395,348,1138,0.0,0.5,0.0,0.0,0.0,-0.5,,,
2026-06-07T17:23:08.229+00:00,TWIST,160,201,1780852988223,1780852988226,0,3,509,893,484,1886,0.0,0.5,0.0,0.0,0.0,-0.5,,,
2026-06-07T17:23:08.280+00:00,TWIST,161,202,1780852988273,1780852988277,0,4,544,608,509,1661,0.0,0.5,0.0,0.0,0.0,-0.5,,,
2026-06-07T17:23:08.334+00:00,TWIST,162,203,1780852988328,1780852988331,0,3,527,552,340,1419,0.0,0.5,0.0,0.0,0.0,-0.5,,,
2026-06-07T17:23:08.378+00:00,TWIST,163,204,1780852988373,1780852988376,0,3,497,614,401,1512,0.0,0.5,0.0,0.0,0.0,-0.5,,,
2026-06-07T17:23:08.429+00:00,TWIST,164,205,1780852988423,1780852988426,0,3,598,881,354,1833,0.0,0.5,0.0,0.0,0.0,-0.5,,,
2026-06-07T17:23:08.479+00:00,TWIST,165,206,1780852988473,1780852988476,0,3,506,549,468,1523,0.0,0.5,0.0,0.0,0.0,-0.5,,,
2026-06-07T17:23:08.532+00:00,TWIST,166,207,1780852988526,1780852988529,0,3,456,414,402,1272,0.0,0.5,0.0,0.0,0.0,-0.5,,,
2026-06-07T17:23:08.579+00:00,TWIST,167,208,1780852988573,1780852988577,0,4,476,360,411,1247,0.0,0.0,0.0,0.0,0.0,-0.5,,,
2026-06-07T17:23:08.630+00:00,TWIST,168,209,1780852988625,1780852988627,0,2,480,430,404,1314,0.0,0.0,0.0,0.0,0.0,-0.5,,,
2026-06-07T17:23:08.680+00:00,TWIST,169,210,1780852988673,1780852988677,0,4,570,406,520,1496,0.0,-0.5,0.0,0.0,0.0,-0.5,,,
2026-06-07T17:23:08.729+00:00,TWIST,170,211,1780852988723,1780852988726,0,3,402,336,455,1193,0.0,-0.5,0.0,0.0,0.0,0.5,,,
2026-06-07T17:23:08.804+00:00,TWIST,171,212,1780852988795,1780852988801,0,6,520,555,504,1579,0.0,-0.5,0.0,0.0,0.0,-0.5,,,
2026-06-07T17:23:08.839+00:00,TWIST,172,213,1780852988831,1780852988836,0,5,522,604,450,1576,0.0,-0.5,0.0,0.0,0.0,-0.5,,,
2026-06-07T17:23:08.900+00:00,TWIST,173,214,1780852988892,1780852988897,0,5,585,1136,335,2056,0.0,0.0,0.0,0.0,0.0,-0.5,,,
2026-06-07T17:23:08.930+00:00,TWIST,174,215,1780852988923,1780852988926,0,3,564,1227,571,2362,0.0,0.0,0.0,0.0,0.0,-0.5,,,
2026-06-07T17:23:09.032+00:00,TWIST,175,216,1780852989026,1780852989029,0,3,491,434,956,1881,0.0,0.5,0.0,0.0,0.0,0.5,,,
2026-06-07T17:23:09.087+00:00,TWIST,176,217,1780852989073,1780852989081,0,8,581,1096,521,2198,0.0,0.5,0.0,0.0,0.0,0.5,,,
2026-06-07T17:23:09.133+00:00,TWIST,177,218,1780852989123,1780852989130,0,7,545,556,455,1556,0.0,0.5,0.0,0.0,0.0,-0.5,,,
2026-06-07T17:23:09.186+00:00,TWIST,178,219,1780852989180,1780852989183,0,3,717,565,509,1791,0.0,0.0,0.0,0.0,0.0,-0.5,,,
2026-06-07T17:23:09.231+00:00,TWIST,179,220,1780852989224,1780852989228,0,4,594,560,501,1655,0.0,0.0,0.0,0.0,0.0,-0.5,,,
2026-06-07T17:23:09.299+00:00,TWIST,180,221,1780852989293,1780852989296,0,3,634,641,512,1787,0.0,0.5,0.0,0.0,0.0,0.0,,,
2026-06-07T17:23:09.329+00:00,TWIST,181,222,1780852989323,1780852989326,0,3,538,831,569,1938,0.0,0.5,0.0,0.0,0.0,0.0,,,
2026-06-07T17:23:09.380+00:00,TWIST,182,223,1780852989373,1780852989376,0,3,561,1298,592,2451,0.0,0.5,0.0,0.0,0.0,0.0,,,
2026-06-07T17:23:09.432+00:00,TWIST,183,224,1780852989424,1780852989428,0,4,603,967,529,2099,0.0,0.5,0.0,0.0,0.0,-0.5,,,
2026-06-07T17:23:09.491+00:00,TWIST,184,225,1780852989486,1780852989488,0,2,497,395,319,1211,0.0,0.0,0.0,0.0,0.0,-0.5,,,
2026-06-07T17:23:09.531+00:00,TWIST,185,226,1780852989525,1780852989528,0,3,609,458,574,1641,0.0,0.0,0.0,0.0,0.0,-0.5,,,
2026-06-07T17:23:09.582+00:00,TWIST,186,227,1780852989574,1780852989579,0,5,527,548,555,1630,0.0,0.0,0.0,0.0,0.0,-0.5,,,
2026-06-07T17:23:09.656+00:00,TWIST,187,228,1780852989648,1780852989653,0,5,526,795,584,1905,0.0,-0.5,0.0,0.0,0.0,0.5,,,
2026-06-07T17:23:09.680+00:00,TWIST,188,229,1780852989674,1780852989676,0,2,506,469,1228,2203,0.0,-0.5,0.0,0.0,0.0,0.5,,,
2026-06-07T17:23:09.753+00:00,TWIST,189,230,1780852989747,1780852989750,0,3,567,508,523,1598,0.0,0.0,0.0,0.0,0.0,-0.5,,,
2026-06-07T17:23:09.785+00:00,TWIST,190,231,1780852989778,1780852989781,0,3,873,441,614,1928,0.0,0.0,0.0,0.0,0.0,-0.5,,,
2026-06-07T17:23:09.828+00:00,TWIST,191,232,1780852989823,1780852989825,0,2,482,551,498,1531,0.0,0.0,0.0,0.0,0.0,-0.5,,,
2026-06-07T17:23:09.879+00:00,TWIST,192,233,1780852989873,1780852989876,0,3,578,751,590,1919,0.0,-0.5,0.0,0.0,0.0,-0.5,,,
2026-06-07T17:23:09.932+00:00,TWIST,193,234,1780852989925,1780852989929,0,4,570,839,493,1902,0.0,-0.5,0.0,0.0,0.0,0.0,,,
2026-06-07T17:23:09.979+00:00,TWIST,194,235,1780852989973,1780852989977,0,4,528,405,797,1730,0.0,-0.5,0.0,0.0,0.0,0.0,,,
2026-06-07T17:23:10.059+00:00,TWIST,195,236,1780852990054,1780852990057,0,3,488,380,285,1153,0.0,0.0,0.0,0.0,0.0,-0.5,,,
2026-06-07T17:23:10.079+00:00,TWIST,196,237,1780852990073,1780852990075,0,2,473,590,451,1514,0.0,0.0,0.0,0.0,0.0,-0.5,,,
2026-06-07T17:23:10.129+00:00,TWIST,197,238,1780852990123,1780852990126,0,3,599,435,420,1454,0.0,0.0,0.0,0.0,0.0,-0.5,,,
2026-06-07T17:23:10.184+00:00,TWIST,198,239,1780852990175,1780852990178,0,3,548,692,583,1823,0.0,0.5,0.0,0.0,0.0,-0.5,,,
2026-06-07T17:23:10.239+00:00,TWIST,199,240,1780852990233,1780852990236,0,3,330,382,393,1105,0.0,0.5,0.0,0.0,0.0,0.0,,,
2026-06-07T17:23:10.282+00:00,TWIST,200,241,1780852990273,1780852990277,0,4,1195,759,596,2550,0.0,0.5,0.0,0.0,0.0,0.0,,,
2026-06-07T17:23:10.346+00:00,TWIST,201,242,1780852990340,1780852990343,0,3,661,913,570,2144,0.0,0.5,0.0,0.0,0.0,-0.5,,,
2026-06-07T17:23:10.378+00:00,TWIST,202,243,1780852990373,1780852990375,0,2,517,454,480,1451,0.0,0.5,0.0,0.0,0.0,-0.5,,,
2026-06-07T17:23:10.468+00:00,TWIST,203,244,1780852990452,1780852990461,0,9,575,4306,694,5575,0.0,0.0,0.0,0.0,0.0,-0.5,,,
2026-06-07T17:23:10.518+00:00,TWIST,204,245,1780852990513,1780852990515,0,2,535,499,478,1512,0.0,0.0,0.0,0.0,0.0,-0.5,,,
2026-06-07T17:23:10.596+00:00,TWIST,205,246,1780852990583,1780852990593,0,10,518,472,421,1411,0.0,-0.5,0.0,0.0,0.0,0.5,,,
2026-06-07T17:23:10.825+00:00,TWIST,206,247,1780852990802,1780852990806,0,4,504,12061,523,13088,0.0,0.0,0.0,0.0,0.0,-0.5,,,
2026-06-07T17:23:10.872+00:00,TWIST,207,248,1780852990868,1780852990871,0,3,426,378,303,1107,0.0,-0.5,0.0,0.0,0.0,0.0,,,
2026-06-07T17:23:10.902+00:00,TWIST,208,249,1780852990888,1780852990895,0,7,538,1605,490,2633,0.0,-0.5,0.0,0.0,0.0,0.0,,,
2026-06-07T17:23:10.954+00:00,SYNC,209,,1780852990951,,,,,,,,,,,,,,1780852990953,1780852990953,0
2026-06-07T17:23:11.975+00:00,SYNC,210,,1780852991973,,,,,,,,,,,,,,1780852991975,1780852991975,0
2026-06-07T17:23:12.427+00:00,TWIST,211,250,1780852992423,1780852992425,0,2,443,376,402,1221,0.0,0.068966,0.0,0.0,0.0,0.077586,,,
2026-06-07T17:23:12.478+00:00,TWIST,212,251,1780852992473,1780852992475,0,2,499,522,407,1428,0.0,0.077586,0.0,0.0,0.0,0.103448,,,
2026-06-07T17:23:12.528+00:00,TWIST,213,252,1780852992523,1780852992526,0,3,421,417,318,1156,0.0,0.086207,0.0,0.0,0.0,0.215517,,,
2026-06-07T17:23:12.601+00:00,TWIST,214,253,1780852992594,1780852992598,0,4,582,788,630,2000,0.0,0.043103,0.0,0.0,0.0,0.37069,,,
2026-06-07T17:23:12.681+00:00,TWIST,215,254,1780852992675,1780852992678,0,3,534,560,586,1680,0.0,-0.12931,0.0,0.0,0.0,0.465517,,,
2026-06-07T17:23:12.763+00:00,TWIST,216,255,1780852992758,1780852992760,0,2,400,509,391,1300,0.0,-0.292503,0.0,0.0,0.0,0.405515,,,
2026-06-07T17:23:12.792+00:00,TWIST,217,256,1780852992784,1780852992786,0,2,450,3644,502,4596,0.0,-0.305169,0.0,0.0,0.0,0.39607,,,
2026-06-07T17:23:12.854+00:00,TWIST,218,257,1780852992848,1780852992851,0,3,589,629,553,1771,0.0,-0.372285,0.0,0.0,0.0,0.333773,,,
2026-06-07T17:23:12.897+00:00,TWIST,219,258,1780852992890,1780852992893,0,3,632,1163,796,2591,0.0,-0.43674,0.0,0.0,0.0,0.243429,,,
2026-06-07T17:23:12.929+00:00,TWIST,220,259,1780852992923,1780852992926,0,3,603,622,458,1683,0.0,-0.479557,0.0,0.0,0.0,0.141509,,,
2026-06-07T17:23:12.991+00:00,TWIST,221,260,1780852992982,1780852992986,0,4,603,2791,412,3806,0.0,-0.465517,0.0,0.0,0.0,-0.146552,,,
2026-06-07T17:23:13.035+00:00,TWIST,222,261,1780852993028,1780852993032,0,4,607,1210,506,2323,0.0,-0.413793,0.0,0.0,0.0,-0.258621,,,
2026-06-07T17:23:13.093+00:00,TWIST,223,262,1780852993087,1780852993090,0,3,463,534,423,1420,0.0,-0.318966,0.0,0.0,0.0,-0.336207,,,
2026-06-07T17:23:13.130+00:00,TWIST,224,263,1780852993124,1780852993128,0,4,499,478,331,1308,0.0,-0.241379,0.0,0.0,0.0,-0.275862,,,
2026-06-07T17:23:13.182+00:00,TWIST,225,264,1780852993174,1780852993179,0,5,514,413,520,1447,0.0,-0.137931,0.0,0.0,0.0,-0.12931,,,
2026-06-07T17:23:13.232+00:00,TWIST,226,265,1780852993224,1780852993229,0,5,718,633,571,1922,0.0,-0.060345,0.0,0.0,0.0,0.060345,,,
2026-06-07T17:23:13.290+00:00,TWIST,227,266,1780852993284,1780852993286,0,2,584,1141,466,2191,0.0,-0.008621,0.0,0.0,0.0,0.206897,,,
2026-06-07T17:23:13.335+00:00,SYNC,228,,1780852993331,,,,,,,,,,,,,,1780852993334,1780852993334,0
2026-06-07T17:23:14.376+00:00,SYNC,229,,1780852994373,,,,,,,,,,,,,,1780852994375,1780852994375,0
2026-06-07T17:23:15.426+00:00,SYNC,230,,1780852995423,,,,,,,,,,,,,,1780852995425,1780852995425,0
2026-06-09T10:50:40.871+00:00,SYNC,1,,1781002240866,,,,,,,,,,,,,,1781002240870,1781002240870,0
2026-06-09T10:50:41.071+00:00,SYNC,2,,1781002241068,,,,,,,,,,,,,,1781002241070,1781002241071,1000
2026-06-09T10:50:41.271+00:00,SYNC,3,,1781002241268,,,,,,,,,,,,,,1781002241270,1781002241271,1000
2026-06-09T10:50:41.472+00:00,SYNC,4,,1781002241469,,,,,,,,,,,,,,1781002241471,1781002241471,0
2026-06-09T10:50:41.675+00:00,SYNC,5,,1781002241671,,,,,,,,,,,,,,1781002241674,1781002241674,0
2026-06-09T10:50:41.926+00:00,SYNC,6,,1781002241924,,,,,,,,,,,,,,1781002241926,1781002241926,0
2026-06-09T10:50:42.976+00:00,SYNC,7,,1781002242973,,,,,,,,,,,,,,1781002242975,1781002242975,0
2026-06-09T10:50:43.975+00:00,SYNC,8,,1781002243973,,,,,,,,,,,,,,1781002243975,1781002243975,0
2026-06-09T10:50:44.977+00:00,SYNC,9,,1781002244973,,,,,,,,,,,,,,1781002244975,1781002244975,0
2026-06-09T10:50:45.481+00:00,TWIST,10,1,1781002245475,1781002245479,0,4,362,404,301,1067,0.0,-0.0,0.0,0.0,0.0,-0.043103,,,
2026-06-09T10:50:45.593+00:00,TWIST,11,2,1781002245576,1781002245585,0,9,542,361,5094,5997,0.0,0.103448,0.0,0.0,0.0,0.043103,,,
2026-06-09T10:50:45.638+00:00,TWIST,12,3,1781002245632,1781002245635,0,3,578,438,458,1474,0.0,0.146552,0.0,0.0,0.0,0.068966,,,
2026-06-09T10:50:45.683+00:00,TWIST,13,4,1781002245673,1781002245677,0,4,556,1792,526,2874,0.0,0.163793,0.0,0.0,0.0,0.077586,,,
2026-06-09T10:50:45.731+00:00,TWIST,14,5,1781002245723,1781002245727,0,4,678,529,685,1892,0.0,0.163793,0.0,0.0,0.0,0.077586,,,
2026-06-09T10:50:45.779+00:00,TWIST,15,6,1781002245773,1781002245776,0,3,508,340,490,1338,0.0,0.163793,0.0,0.0,0.0,0.077586,,,
2026-06-09T10:50:45.854+00:00,TWIST,16,7,1781002245849,1781002245851,0,2,456,257,387,1100,0.0,0.172414,0.0,0.0,0.0,-0.0,,,
2026-06-09T10:50:45.904+00:00,TWIST,17,8,1781002245898,1781002245901,0,3,543,352,519,1414,0.0,0.155172,0.0,0.0,0.0,-0.068966,,,
2026-06-09T10:50:45.960+00:00,TWIST,18,9,1781002245954,1781002245957,0,3,577,467,500,1544,0.0,0.060345,0.0,0.0,0.0,-0.163793,,,
2026-06-09T10:50:46.028+00:00,TWIST,19,10,1781002246008,1781002246017,0,9,635,7181,666,8482,0.0,0.025862,0.0,0.0,0.0,-0.189655,,,
2026-06-09T10:50:46.049+00:00,TWIST,20,11,1781002246032,1781002246043,0,11,1104,510,558,2172,0.0,0.017241,0.0,0.0,0.0,-0.198276,,,
2026-06-09T10:50:46.228+00:00,TWIST,21,12,1781002246207,1781002246221,0,14,623,365,590,1578,0.0,-0.0,0.0,0.0,0.0,-0.215517,,,
2026-06-09T10:50:46.291+00:00,TWIST,22,13,1781002246278,1781002246282,0,4,597,393,6617,7607,0.0,-0.008621,0.0,0.0,0.0,-0.215517,,,
2026-06-09T10:50:46.371+00:00,TWIST,23,14,1781002246355,1781002246361,0,6,6152,425,842,7419,0.0,-0.034483,0.0,0.0,0.0,-0.215517,,,
2026-06-09T10:50:46.489+00:00,TWIST,24,15,1781002246478,1781002246484,0,6,634,387,2860,3881,0.0,-0.163793,0.0,0.0,0.0,-0.051724,,,
2026-06-09T10:50:46.581+00:00,TWIST,25,16,1781002246574,1781002246577,0,3,556,540,570,1666,0.0,-0.267241,0.0,0.0,0.0,0.163793,,,
2026-06-09T10:50:46.655+00:00,TWIST,26,17,1781002246638,1781002246646,0,8,3835,355,528,4718,0.0,-0.275862,0.0,0.0,0.0,0.224138,,,
2026-06-09T10:50:46.700+00:00,TWIST,27,18,1781002246691,1781002246697,0,6,506,929,518,1953,0.0,-0.275862,0.0,0.0,0.0,0.241379,,,
2026-06-09T10:50:46.753+00:00,TWIST,28,19,1781002246746,1781002246750,0,4,547,562,460,1569,0.0,-0.258621,0.0,0.0,0.0,0.284483,,,
2026-06-09T10:50:46.802+00:00,TWIST,29,20,1781002246796,1781002246799,0,3,621,327,945,1893,0.0,-0.232759,0.0,0.0,0.0,0.301724,,,
2026-06-09T10:50:46.851+00:00,TWIST,30,21,1781002246846,1781002246849,0,3,481,291,370,1142,0.0,-0.172414,0.0,0.0,0.0,0.301724,,,
2026-06-09T10:50:46.889+00:00,TWIST,31,22,1781002246883,1781002246886,0,3,517,826,511,1854,0.0,-0.163793,0.0,0.0,0.0,0.301724,,,
2026-06-09T10:50:46.930+00:00,TWIST,32,23,1781002246923,1781002246926,0,3,1995,348,476,2819,0.0,-0.163793,0.0,0.0,0.0,0.301724,,,
2026-06-09T10:50:46.991+00:00,TWIST,33,24,1781002246985,1781002246988,0,3,539,393,456,1388,0.0,-0.232759,0.0,0.0,0.0,0.327586,,,
2026-06-09T10:50:47.076+00:00,TWIST,34,25,1781002247069,1781002247072,0,3,556,682,548,1786,0.0,-0.388815,0.0,0.0,0.0,0.314361,,,
2026-06-09T10:50:47.139+00:00,TWIST,35,26,1781002247127,1781002247133,0,6,765,2650,594,4009,0.0,-0.417232,0.0,0.0,0.0,0.275531,,,
2026-06-09T10:50:47.216+00:00,TWIST,36,27,1781002247190,1781002247200,0,10,520,331,13762,14613,0.0,-0.437789,0.0,0.0,0.0,0.241539,,,
2026-06-09T10:50:47.287+00:00,TWIST,37,28,1781002247280,1781002247284,0,4,522,493,475,1490,0.0,-0.482759,0.0,0.0,0.0,-0.017241,,,
2026-06-09T10:50:47.357+00:00,TWIST,38,29,1781002247351,1781002247354,0,3,613,429,515,1557,0.0,-0.353448,0.0,0.0,0.0,-0.146552,,,
2026-06-09T10:50:47.397+00:00,TWIST,39,30,1781002247392,1781002247395,0,3,448,270,385,1103,0.0,-0.301724,0.0,0.0,0.0,-0.172414,,,
2026-06-09T10:50:47.456+00:00,TWIST,40,31,1781002247451,1781002247454,0,3,379,299,275,953,0.0,-0.198276,0.0,0.0,0.0,-0.198276,,,
2026-06-09T10:50:47.493+00:00,TWIST,41,32,1781002247487,1781002247491,0,4,512,457,457,1426,0.0,-0.137931,0.0,0.0,0.0,-0.198276,,,
2026-06-09T10:50:47.553+00:00,TWIST,42,33,1781002247546,1781002247550,0,4,440,379,468,1287,0.0,-0.068966,0.0,0.0,0.0,-0.12931,,,
2026-06-09T10:50:47.625+00:00,TWIST,43,34,1781002247620,1781002247623,0,3,543,355,374,1272,0.0,-0.051724,0.0,0.0,0.0,0.103448,,,
2026-06-09T10:50:47.646+00:00,TWIST,44,35,1781002247641,1781002247644,0,3,475,788,326,1589,0.0,-0.051724,0.0,0.0,0.0,0.12069,,,
2026-06-09T10:50:47.731+00:00,TWIST,45,36,1781002247725,1781002247728,0,3,558,435,474,1467,0.0,-0.198276,0.0,0.0,0.0,0.258621,,,
2026-06-09T10:50:47.790+00:00,TWIST,46,37,1781002247784,1781002247787,0,3,504,422,352,1278,0.0,-0.318966,0.0,0.0,0.0,0.267241,,,
2026-06-09T10:50:47.835+00:00,TWIST,47,38,1781002247829,1781002247832,0,3,587,425,493,1505,0.0,-0.37069,0.0,0.0,0.0,0.267241,,,
2026-06-09T10:50:47.891+00:00,TWIST,48,39,1781002247886,1781002247889,0,3,538,360,458,1356,0.0,-0.422414,0.0,0.0,0.0,0.172414,,,
2026-06-09T10:50:47.937+00:00,TWIST,49,40,1781002247926,1781002247930,0,4,596,467,512,1575,0.0,-0.422414,0.0,0.0,0.0,0.146552,,,
2026-06-09T10:50:47.980+00:00,TWIST,50,41,1781002247974,1781002247977,0,3,470,377,495,1342,0.0,-0.422414,0.0,0.0,0.0,0.12931,,,
2026-06-09T10:50:48.032+00:00,TWIST,51,42,1781002248023,1781002248028,0,5,997,696,630,2323,0.0,-0.422414,0.0,0.0,0.0,0.12069,,,
2026-06-09T10:50:48.102+00:00,TWIST,52,43,1781002248096,1781002248099,0,3,557,411,534,1502,0.0,-0.284483,0.0,0.0,0.0,0.112069,,,
2026-06-09T10:50:48.161+00:00,TWIST,53,44,1781002248154,1781002248157,0,3,535,446,461,1442,0.0,-0.189655,0.0,0.0,0.0,0.25,,,
2026-06-09T10:50:48.223+00:00,TWIST,54,45,1781002248216,1781002248219,0,3,441,401,1371,2213,0.0,-0.172414,0.0,0.0,0.0,0.448276,,,
2026-06-09T10:50:48.260+00:00,TWIST,55,46,1781002248255,1781002248258,0,3,526,320,457,1303,0.0,-0.175562,0.0,0.0,0.0,0.468165,,,
2026-06-09T10:50:48.332+00:00,TWIST,56,47,1781002248326,1781002248330,0,4,530,392,388,1310,0.0,-0.27735,0.0,0.0,0.0,0.416025,,,
2026-06-09T10:50:48.389+00:00,TWIST,57,48,1781002248381,1781002248386,0,5,775,457,526,1758,0.0,-0.374919,0.0,0.0,0.0,0.330811,,,
2026-06-09T10:50:48.470+00:00,TWIST,58,49,1781002248455,1781002248461,0,6,494,371,6666,7531,0.0,-0.448276,0.0,0.0,0.0,0.198276,,,
2026-06-09T10:50:48.579+00:00,TWIST,59,50,1781002248572,1781002248576,0,4,480,350,573,1403,0.0,-0.396552,0.0,0.0,0.0,0.008621,,,
2026-06-09T10:50:48.634+00:00,TWIST,60,51,1781002248627,1781002248631,0,4,673,445,581,1699,0.0,-0.327586,0.0,0.0,0.0,-0.034483,,,
2026-06-09T10:50:48.686+00:00,TWIST,61,52,1781002248678,1781002248683,0,5,1100,496,475,2071,0.0,-0.293103,0.0,0.0,0.0,-0.025862,,,
2026-06-09T10:50:48.747+00:00,TWIST,62,53,1781002248741,1781002248745,0,4,541,494,504,1539,0.0,-0.284483,0.0,0.0,0.0,0.198276,,,
2026-06-09T10:50:48.804+00:00,TWIST,63,54,1781002248799,1781002248801,0,2,530,435,515,1480,0.0,-0.293103,0.0,0.0,0.0,0.275862,,,
2026-06-09T10:50:48.853+00:00,TWIST,64,55,1781002248847,1781002248850,0,3,508,351,520,1379,0.0,-0.310345,0.0,0.0,0.0,0.293103,,,
2026-06-09T10:50:48.892+00:00,SYNC,65,,1781002248888,,,,,,,,,,,,,,1781002248890,1781002248891,1000
2026-06-09T10:50:49.926+00:00,SYNC,66,,1781002249923,,,,,,,,,,,,,,1781002249925,1781002249925,0
2026-06-09T10:51:24.772+00:00,SYNC,67,,1781002284767,,,,,,,,,,,,,,1781002284770,1781002284771,1000
2026-06-09T10:51:24.974+00:00,SYNC,68,,1781002284970,,,,,,,,,,,,,,1781002284973,1781002284973,0
2026-06-09T10:51:25.177+00:00,SYNC,69,,1781002285171,,,,,,,,,,,,,,1781002285176,1781002285176,0
2026-06-09T10:51:25.374+00:00,SYNC,70,,1781002285371,,,,,,,,,,,,,,1781002285373,1781002285373,0
2026-06-09T10:51:25.574+00:00,SYNC,71,,1781002285572,,,,,,,,,,,,,,1781002285574,1781002285574,0
2026-06-09T10:51:25.827+00:00,SYNC,72,,1781002285823,,,,,,,,,,,,,,1781002285825,1781002285826,1000
2026-06-09T10:51:26.826+00:00,SYNC,73,,1781002286823,,,,,,,,,,,,,,1781002286825,1781002286825,0
2026-06-09T10:51:27.826+00:00,SYNC,74,,1781002287823,,,,,,,,,,,,,,1781002287825,1781002287825,0
2026-06-09T10:51:28.875+00:00,SYNC,75,,1781002288873,,,,,,,,,,,,,,1781002288875,1781002288875,0
2026-06-09T10:51:29.925+00:00,SYNC,76,,1781002289923,,,,,,,,,,,,,,1781002289924,1781002289925,1000
2026-06-09T10:51:30.929+00:00,SYNC,77,,1781002290923,,,,,,,,,,,,,,1781002290929,1781002290929,0
2026-06-09T10:51:31.926+00:00,SYNC,78,,1781002291923,,,,,,,,,,,,,,1781002291925,1781002291925,0
2026-06-09T10:51:32.926+00:00,SYNC,79,,1781002292923,,,,,,,,,,,,,,1781002292925,1781002292925,0
2026-06-09T10:51:33.427+00:00,TWIST,80,109,1781002293423,1781002293425,0,2,476,419,419,1314,0.0,0.017241,0.0,0.0,0.0,0.103448,,,
2026-06-09T10:51:33.486+00:00,TWIST,81,110,1781002293479,1781002293482,0,3,514,550,512,1576,0.0,0.12931,0.0,0.0,0.0,0.198276,,,
2026-06-09T10:51:33.535+00:00,TWIST,82,111,1781002293526,1781002293532,0,6,672,565,587,1824,0.0,0.155172,0.0,0.0,0.0,0.206897,,,
2026-06-09T10:51:33.577+00:00,TWIST,83,112,1781002293573,1781002293575,0,2,402,400,374,1176,0.0,0.163793,0.0,0.0,0.0,0.206897,,,
2026-06-09T10:51:33.645+00:00,TWIST,84,113,1781002293631,1781002293635,0,4,2382,629,1364,4375,0.0,0.267241,0.0,0.0,0.0,0.198276,,,
2026-06-09T10:51:33.737+00:00,TWIST,85,114,1781002293728,1781002293733,0,5,620,989,583,2192,0.0,0.405172,0.0,0.0,0.0,-0.008621,,,
2026-06-09T10:51:33.818+00:00,TWIST,86,115,1781002293812,1781002293815,0,3,596,514,514,1624,0.0,0.396552,0.0,0.0,0.0,-0.215517,,,
2026-06-09T10:51:33.896+00:00,TWIST,87,116,1781002293891,1781002293893,0,2,1038,436,404,1878,0.0,0.318966,0.0,0.0,0.0,-0.336207,,,
2026-06-09T10:51:33.930+00:00,TWIST,88,117,1781002293923,1781002293927,0,4,1124,564,494,2182,0.0,0.318966,0.0,0.0,0.0,-0.344828,,,
2026-06-09T10:51:33.980+00:00,TWIST,89,118,1781002293973,1781002293976,0,3,523,1158,579,2260,0.0,0.318966,0.0,0.0,0.0,-0.353448,,,
2026-06-09T10:51:34.095+00:00,TWIST,90,119,1781002294089,1781002294092,0,3,569,508,522,1599,0.0,0.416025,0.0,0.0,0.0,-0.27735,,,
2026-06-09T10:51:34.160+00:00,TWIST,91,120,1781002294146,1781002294156,0,10,578,494,535,1607,0.0,0.456897,0.0,0.0,0.0,-0.155172,,,
2026-06-09T10:51:34.360+00:00,TWIST,92,121,1781002294355,1781002294358,0,3,477,361,283,1121,0.0,-0.146552,0.0,0.0,0.0,-0.094828,,,
2026-06-09T10:51:34.419+00:00,TWIST,93,122,1781002294413,1781002294415,0,2,507,545,447,1499,0.0,-0.146552,0.0,0.0,0.0,-0.284483,,,
2026-06-09T10:51:34.494+00:00,TWIST,94,123,1781002294482,1781002294486,0,4,1990,467,680,3137,0.0,-0.12069,0.0,0.0,0.0,-0.396552,,,
2026-06-09T10:51:34.559+00:00,TWIST,95,124,1781002294554,1781002294556,0,2,420,501,331,1252,0.0,0.025862,0.0,0.0,0.0,-0.37069,,,
2026-06-09T10:51:34.597+00:00,TWIST,96,125,1781002294592,1781002294595,0,3,550,490,544,1584,0.0,0.086207,0.0,0.0,0.0,-0.232759,,,
2026-06-09T10:51:34.668+00:00,TWIST,97,126,1781002294662,1781002294666,0,4,430,669,535,1634,0.0,0.146552,0.0,0.0,0.0,0.043103,,,
2026-06-09T10:51:34.715+00:00,TWIST,98,127,1781002294708,1781002294711,0,3,411,764,545,1720,0.0,0.12069,0.0,0.0,0.0,0.163793,,,
2026-06-09T10:51:34.758+00:00,TWIST,99,128,1781002294747,1781002294750,0,3,598,2438,928,3964,0.0,0.112069,0.0,0.0,0.0,0.189655,,,
2026-06-09T10:51:34.822+00:00,TWIST,100,129,1781002294813,1781002294815,0,2,627,3438,756,4821,0.0,-0.025862,0.0,0.0,0.0,0.189655,,,
2026-06-09T10:51:34.903+00:00,TWIST,101,130,1781002294896,1781002294900,0,4,497,386,459,1342,0.0,-0.198276,0.0,0.0,0.0,-0.172414,,,
2026-06-09T10:51:34.967+00:00,TWIST,102,131,1781002294961,1781002294964,0,3,553,634,516,1703,0.0,-0.155172,0.0,0.0,0.0,-0.456897,,,
2026-06-09T10:51:35.035+00:00,TWIST,103,132,1781002295029,1781002295032,0,3,563,599,501,1663,0.0,0.03326,0.0,0.0,0.0,-0.498893,,,
2026-06-09T10:51:35.088+00:00,TWIST,104,133,1781002295081,1781002295084,0,3,650,492,567,1709,0.0,0.094424,0.0,0.0,0.0,-0.491003,,,
2026-06-09T10:51:35.187+00:00,TWIST,105,134,1781002295182,1781002295184,0,2,418,398,420,1236,0.0,0.267241,0.0,0.0,0.0,-0.206897,,,
2026-06-09T10:51:35.251+00:00,TWIST,106,135,1781002295243,1781002295247,0,4,551,908,572,2031,0.0,0.241379,0.0,0.0,0.0,-0.051724,,,
2026-06-09T10:51:35.300+00:00,TWIST,107,136,1781002295292,1781002295296,0,4,649,1112,570,2331,0.0,0.137931,0.0,0.0,0.0,0.060345,,,
2026-06-09T10:51:35.365+00:00,TWIST,108,137,1781002295359,1781002295362,0,3,481,665,397,1543,0.0,-0.068966,0.0,0.0,0.0,-0.025862,,,
2026-06-09T10:51:35.407+00:00,TWIST,109,138,1781002295398,1781002295404,0,6,653,818,510,1981,0.0,-0.146552,0.0,0.0,0.0,-0.12931,,,
2026-06-09T10:51:35.504+00:00,TWIST,110,139,1781002295498,1781002295500,0,2,530,517,524,1571,0.0,-0.163793,0.0,0.0,0.0,-0.37931,,,
2026-06-09T10:51:35.564+00:00,TWIST,111,140,1781002295558,1781002295560,0,2,547,893,591,2031,0.0,0.038348,0.0,0.0,0.0,-0.498527,,,
2026-06-09T10:51:35.694+00:00,TWIST,112,141,1781002295689,1781002295691,0,2,382,368,439,1189,0.0,0.232759,0.0,0.0,0.0,-0.284483,,,
2026-06-09T10:51:35.742+00:00,TWIST,113,142,1781002295727,1781002295739,0,12,629,582,607,1818,0.0,0.241379,0.0,0.0,0.0,-0.068966,,,
2026-06-09T10:51:35.802+00:00,SYNC,114,,1781002295796,,,,,,,,,,,,,,1781002295801,1781002295801,0
2026-06-09T10:51:35.810+00:00,TWIST,115,143,1781002295796,1781002295806,0,10,539,585,368,1492,0.0,0.155172,0.0,0.0,0.0,0.12069,,,
2026-06-09T10:51:35.868+00:00,TWIST,116,144,1781002295850,1781002295857,0,7,561,617,495,1673,0.0,0.137931,0.0,0.0,0.0,0.137931,,,
2026-06-09T10:51:35.938+00:00,TWIST,117,145,1781002295931,1781002295935,0,4,694,586,495,1775,0.0,-0.12069,0.0,0.0,0.0,0.077586,,,
2026-06-09T10:51:36.049+00:00,TWIST,118,146,1781002296039,1781002296041,0,2,592,889,548,2029,0.0,-0.137931,0.0,0.0,0.0,-0.465517,,,
2026-06-09T10:51:36.106+00:00,TWIST,119,147,1781002296099,1781002296103,0,4,460,697,498,1655,0.0,0.063582,0.0,0.0,0.0,-0.495941,,,
2026-06-09T10:51:36.236+00:00,TWIST,120,148,1781002296220,1781002296226,0,6,565,7593,565,8723,0.0,0.311539,0.0,0.0,0.0,-0.39108,,,
2026-06-09T10:51:36.303+00:00,TWIST,121,149,1781002296289,1781002296293,0,4,573,3606,534,4713,0.0,0.353448,0.0,0.0,0.0,-0.051724,,,
2026-06-09T10:51:36.477+00:00,TWIST,122,150,1781002296446,1781002296457,0,11,574,12760,556,13890,0.0,0.12069,0.0,0.0,0.0,0.060345,,,
2026-06-09T10:51:36.529+00:00,TWIST,123,151,1781002296509,1781002296512,0,3,552,7263,450,8265,0.0,-0.068966,0.0,0.0,0.0,-0.189655,,,
2026-06-09T10:51:36.618+00:00,TWIST,124,152,1781002296596,1781002296607,0,11,532,533,8584,9649,0.0,0.072557,0.0,0.0,0.0,-0.494707,,,
2026-06-09T10:51:36.680+00:00,TWIST,125,153,1781002296672,1781002296677,0,5,450,800,449,1699,0.0,0.15971,0.0,0.0,0.0,-0.473807,,,
2026-06-09T10:51:36.778+00:00,TWIST,126,154,1781002296765,1781002296772,0,7,475,3045,714,4234,0.0,0.332685,0.0,0.0,0.0,-0.373257,,,
2026-06-09T10:51:36.805+00:00,TWIST,127,155,1781002296777,1781002296791,0,14,8620,486,472,9578,0.0,0.353448,0.0,0.0,0.0,-0.353448,,,
2026-06-09T10:51:36.961+00:00,TWIST,128,156,1781002296955,1781002296958,0,3,542,957,390,1889,0.0,0.103448,0.0,0.0,0.0,0.293103,,,
2026-06-09T10:51:37.007+00:00,TWIST,129,157,1781002296985,1781002297000,0,15,1035,3872,463,5370,0.0,-0.008621,0.0,0.0,0.0,0.301724,,,
2026-06-09T10:51:37.074+00:00,TWIST,130,158,1781002297066,1781002297070,0,4,998,566,527,2091,0.0,-0.146552,0.0,0.0,0.0,-0.12931,,,
2026-06-09T10:51:37.180+00:00,TWIST,131,159,1781002297174,1781002297177,0,3,438,843,405,1686,0.0,-0.092144,0.0,0.0,0.0,-0.491436,,,
2026-06-09T10:51:37.248+00:00,TWIST,132,160,1781002297237,1781002297241,0,4,561,4687,487,5735,0.0,0.186614,0.0,0.0,0.0,-0.46387,,,
2026-06-09T10:51:37.288+00:00,TWIST,133,161,1781002297279,1781002297284,0,5,1419,591,513,2523,0.0,0.268779,0.0,0.0,0.0,-0.421614,,,
2026-06-09T10:51:37.368+00:00,TWIST,134,162,1781002297358,1781002297365,0,7,611,653,621,1885,0.0,0.482759,0.0,0.0,0.0,-0.094828,,,
2026-06-09T10:51:37.420+00:00,TWIST,135,163,1781002297413,1781002297416,0,3,596,1471,584,2651,0.0,0.37069,0.0,0.0,0.0,0.12931,,,
2026-06-09T10:51:37.490+00:00,TWIST,136,164,1781002297484,1781002297487,0,3,576,1014,486,2076,0.0,0.172414,0.0,0.0,0.0,0.318966,,,
2026-06-09T10:51:37.566+00:00,TWIST,137,165,1781002297559,1781002297563,0,4,509,1191,527,2227,0.0,0.025862,0.0,0.0,0.0,0.267241,,,
2026-06-09T10:51:37.635+00:00,TWIST,138,166,1781002297628,1781002297633,0,5,429,422,391,1242,0.0,-0.12931,0.0,0.0,0.0,-0.12069,,,
2026-06-09T10:51:37.692+00:00,TWIST,139,167,1781002297684,1781002297689,0,5,758,638,506,1902,0.0,-0.12931,0.0,0.0,0.0,-0.396552,,,
2026-06-09T10:51:37.756+00:00,TWIST,140,168,1781002297747,1781002297752,0,5,711,1112,472,2295,0.0,-0.0,0.0,0.0,0.0,-0.5,,,
2026-06-09T10:51:37.815+00:00,TWIST,141,169,1781002297808,1781002297812,0,4,1375,463,503,2341,0.0,0.150854,0.0,0.0,0.0,-0.4767,,,
2026-06-09T10:51:37.862+00:00,TWIST,142,170,1781002297850,1781002297856,0,6,553,494,2990,4037,0.0,0.302193,0.0,0.0,0.0,-0.398346,,,
2026-06-09T10:51:37.947+00:00,TWIST,143,171,1781002297942,1781002297945,0,3,586,536,531,1653,0.0,0.37069,0.0,0.0,0.0,-0.034483,,,
2026-06-09T10:51:38.018+00:00,TWIST,144,172,1781002298009,1781002298014,0,5,523,786,496,1805,0.0,0.318966,0.0,0.0,0.0,0.068966,,,
2026-06-09T10:51:38.078+00:00,TWIST,145,173,1781002298065,1781002298072,0,7,495,2745,490,3730,0.0,0.060345,0.0,0.0,0.0,0.181034,,,
2026-06-09T10:51:38.113+00:00,TWIST,146,174,1781002298099,1781002298103,0,4,547,5991,460,6998,0.0,-0.112069,0.0,0.0,0.0,0.172414,,,
2026-06-09T10:51:38.169+00:00,TWIST,147,175,1781002298152,1781002298161,0,9,605,5780,568,6953,0.0,-0.293103,0.0,0.0,0.0,0.155172,,,
2026-06-09T10:51:38.292+00:00,SYNC,148,,1781002298287,,,,,,,,,,,,,,1781002298291,1781002298291,0
2026-06-09T10:52:52.651+00:00,SYNC,1,,1781002372647,,,,,,,,,,,,,,1781002372650,1781002372650,0
2026-06-09T10:52:52.851+00:00,SYNC,2,,1781002372848,,,,,,,,,,,,,,1781002372850,1781002372850,0
2026-06-09T10:52:53.051+00:00,SYNC,3,,1781002373049,,,,,,,,,,,,,,1781002373051,1781002373051,0
2026-06-09T10:52:53.252+00:00,SYNC,4,,1781002373249,,,,,,,,,,,,,,1781002373251,1781002373252,1000
2026-06-09T10:52:53.453+00:00,SYNC,5,,1781002373450,,,,,,,,,,,,,,1781002373452,1781002373452,0
2026-06-09T10:52:53.706+00:00,SYNC,6,,1781002373702,,,,,,,,,,,,,,1781002373705,1781002373705,0
2026-06-09T10:52:54.754+00:00,SYNC,7,,1781002374752,,,,,,,,,,,,,,1781002374753,1781002374754,1000
2026-06-09T10:52:55.707+00:00,TWIST,8,1,1781002375702,1781002375704,0,2,397,514,426,1337,0.0,0.008621,0.0,0.0,0.0,0.094828,,,
2026-06-09T10:52:55.783+00:00,TWIST,9,2,1781002375778,1781002375781,0,3,486,507,406,1399,0.0,0.008621,0.0,0.0,0.0,0.336207,,,
2026-06-09T10:52:55.840+00:00,TWIST,10,3,1781002375834,1781002375838,0,4,530,463,375,1368,0.0,0.008621,0.0,0.0,0.0,0.456897,,,
2026-06-09T10:52:55.914+00:00,TWIST,11,4,1781002375907,1781002375911,0,4,830,586,463,1879,0.0,0.023783,0.0,0.0,0.0,0.499434,,,
2026-06-09T10:52:55.964+00:00,TWIST,12,5,1781002375957,1781002375961,0,4,507,682,407,1596,0.0,0.052735,0.0,0.0,0.0,0.497211,,,
2026-06-09T10:52:56.007+00:00,TWIST,13,6,1781002376002,1781002376004,0,2,510,438,369,1317,0.0,0.060166,0.0,0.0,0.0,0.496367,,,
2026-06-09T10:52:56.058+00:00,TWIST,14,7,1781002376052,1781002376055,0,3,415,603,451,1469,0.0,0.067557,0.0,0.0,0.0,0.495415,,,
2026-06-09T10:52:56.120+00:00,TWIST,15,8,1781002376102,1781002376111,0,9,479,481,397,1357,0.0,0.067557,0.0,0.0,0.0,0.495415,,,
2026-06-09T10:52:56.175+00:00,TWIST,16,9,1781002376168,1781002376172,0,4,576,571,547,1694,0.0,0.075399,0.0,0.0,0.0,0.494282,,,
2026-06-09T10:52:56.266+00:00,TWIST,17,10,1781002376260,1781002376263,0,3,591,470,543,1604,0.0,-0.025862,0.0,0.0,0.0,0.344828,,,
2026-06-09T10:52:56.314+00:00,TWIST,18,11,1781002376306,1781002376309,0,3,568,2284,502,3354,0.0,-0.068966,0.0,0.0,0.0,0.301724,,,
2026-06-09T10:52:56.391+00:00,TWIST,19,12,1781002376385,1781002376388,0,3,559,574,491,1624,0.0,-0.112069,0.0,0.0,0.0,0.189655,,,
2026-06-09T10:52:56.454+00:00,TWIST,20,13,1781002376447,1781002376450,0,3,580,1314,543,2437,0.0,-0.112069,0.0,0.0,0.0,0.137931,,,
2026-06-09T10:52:56.510+00:00,TWIST,21,14,1781002376506,1781002376508,0,2,479,429,289,1197,0.0,-0.112069,0.0,0.0,0.0,0.086207,,,
2026-06-09T10:52:56.561+00:00,TWIST,22,15,1781002376556,1781002376558,0,2,528,894,398,1820,0.0,-0.112069,0.0,0.0,0.0,0.043103,,,
2026-06-09T10:52:56.632+00:00,TWIST,23,16,1781002376626,1781002376629,0,3,502,655,546,1703,0.0,-0.043103,0.0,0.0,0.0,-0.051724,,,
2026-06-09T10:52:56.677+00:00,TWIST,24,17,1781002376670,1781002376674,0,4,516,501,582,1599,0.0,-0.017241,0.0,0.0,0.0,-0.077586,,,
2026-06-09T10:52:56.711+00:00,TWIST,25,18,1781002376704,1781002376708,0,4,554,511,471,1536,0.0,-0.008621,0.0,0.0,0.0,-0.086207,,,
2026-06-09T10:52:56.789+00:00,TWIST,26,19,1781002376781,1781002376784,0,3,573,3001,523,4097,0.0,0.077586,0.0,0.0,0.0,-0.077586,,,
2026-06-09T10:52:56.864+00:00,TWIST,27,20,1781002376852,1781002376855,0,3,532,5170,569,6271,0.0,0.155172,0.0,0.0,0.0,0.103448,,,
2026-06-09T10:52:56.952+00:00,TWIST,28,21,1781002376939,1781002376945,0,6,543,4935,568,6046,0.0,0.155172,0.0,0.0,0.0,0.258621,,,
2026-06-09T10:52:57.001+00:00,TWIST,29,22,1781002376994,1781002376998,0,4,522,470,470,1462,0.0,0.146552,0.0,0.0,0.0,0.267241,,,
2026-06-09T10:52:57.011+00:00,TWIST,30,23,1781002377002,1781002377007,0,5,548,1488,557,2593,0.0,0.146552,0.0,0.0,0.0,0.267241,,,
2026-06-09T10:52:57.060+00:00,SYNC,31,,1781002377054,,,,,,,,,,,,,,1781002377058,1781002377059,1000
2026-06-09T10:52:58.058+00:00,SYNC,32,,1781002378054,,,,,,,,,,,,,,1781002378057,1781002378057,0
2026-06-09T10:53:30.505+00:00,SYNC,1,,1781002410499,,,,,,,,,,,,,,1781002410504,1781002410504,0
2026-06-09T10:53:30.702+00:00,SYNC,2,,1781002410700,,,,,,,,,,,,,,1781002410702,1781002410702,0
2026-06-09T10:53:30.913+00:00,SYNC,3,,1781002410911,,,,,,,,,,,,,,1781002410913,1781002410913,0
2026-06-09T10:53:31.114+00:00,SYNC,4,,1781002411111,,,,,,,,,,,,,,1781002411113,1781002411113,0
2026-06-09T10:53:31.314+00:00,SYNC,5,,1781002411311,,,,,,,,,,,,,,1781002411313,1781002411313,0
2026-06-09T10:53:31.565+00:00,SYNC,6,,1781002411562,,,,,,,,,,,,,,1781002411564,1781002411564,0
2026-06-09T10:53:32.566+00:00,TWIST,7,177,1781002412562,1781002412564,0,2,138,436,113,687,0.0,0.0,0.0,0.0,0.0,-0.086207,,,
2026-06-09T10:53:32.617+00:00,TWIST,8,178,1781002412612,1781002412615,0,3,158,486,182,826,0.0,0.0,0.0,0.0,0.0,-0.077586,,,
2026-06-09T10:53:32.671+00:00,TWIST,9,179,1781002412662,1781002412665,0,3,127,530,183,840,0.0,-0.008621,0.0,0.0,0.0,0.017241,,,
2026-06-09T10:53:32.746+00:00,TWIST,10,180,1781002412742,1781002412744,0,2,142,539,176,857,0.0,-0.068966,0.0,0.0,0.0,0.163793,,,
2026-06-09T10:53:32.784+00:00,TWIST,11,181,1781002412779,1781002412782,0,3,139,625,183,947,0.0,-0.086207,0.0,0.0,0.0,0.258621,,,
2026-06-09T10:53:32.852+00:00,TWIST,12,182,1781002412846,1781002412849,0,3,201,1103,225,1529,0.0,-0.086207,0.0,0.0,0.0,0.387931,,,
2026-06-09T10:53:32.892+00:00,TWIST,13,183,1781002412883,1781002412889,0,6,129,1807,180,2116,0.0,-0.060345,0.0,0.0,0.0,0.422414,,,
2026-06-09T10:53:33.002+00:00,TWIST,14,184,1781002412998,1781002413001,0,3,86,449,214,749,0.0,0.163793,0.0,0.0,0.0,0.301724,,,
2026-06-09T10:53:33.089+00:00,TWIST,15,185,1781002413085,1781002413088,0,3,141,410,137,688,0.0,0.137931,0.0,0.0,0.0,0.0,,,
2026-06-09T10:53:33.153+00:00,TWIST,16,186,1781002413147,1781002413151,0,4,136,510,165,811,0.0,0.086207,0.0,0.0,0.0,-0.181034,,,
2026-06-09T10:53:33.221+00:00,TWIST,17,187,1781002413212,1781002413215,0,3,149,3690,229,4068,0.0,0.060345,0.0,0.0,0.0,-0.353448,,,
2026-06-09T10:53:33.300+00:00,TWIST,18,188,1781002413296,1781002413299,0,3,141,366,135,642,0.0,0.202374,0.0,0.0,0.0,-0.457214,,,
2026-06-09T10:53:33.365+00:00,TWIST,19,189,1781002413347,1781002413356,0,9,125,3759,264,4148,0.0,0.30697,0.0,0.0,0.0,-0.394676,,,
2026-06-09T10:53:33.384+00:00,TWIST,20,190,1781002413370,1781002413375,0,5,153,595,5951,6699,0.0,0.341159,0.0,0.0,0.0,-0.365528,,,
2026-06-09T10:53:33.516+00:00,TWIST,21,191,1781002413512,1781002413514,0,2,125,421,162,708,0.0,0.362069,0.0,0.0,0.0,0.112069,,,
2026-06-09T10:53:33.569+00:00,TWIST,22,192,1781002413565,1781002413567,0,2,152,702,158,1012,0.0,0.189655,0.0,0.0,0.0,0.232759,,,
2026-06-09T10:53:33.637+00:00,TWIST,23,193,1781002413617,1781002413630,0,13,125,5809,223,6157,0.0,-0.017241,0.0,0.0,0.0,0.241379,,,
2026-06-09T10:53:33.756+00:00,TWIST,24,194,1781002413747,1781002413751,0,4,142,1125,1189,2456,0.0,-0.284483,0.0,0.0,0.0,-0.094828,,,
2026-06-09T10:53:33.832+00:00,TWIST,25,195,1781002413827,1781002413830,0,3,137,517,164,818,0.0,0.103448,0.0,0.0,0.0,-0.284483,,,
2026-06-09T10:53:33.884+00:00,TWIST,26,196,1781002413880,1781002413883,0,3,108,457,154,719,0.0,0.327586,0.0,0.0,0.0,-0.241379,,,
2026-06-09T10:53:33.938+00:00,TWIST,27,197,1781002413930,1781002413932,0,2,127,487,190,804,0.0,0.413793,0.0,0.0,0.0,0.077586,,,
2026-06-09T10:53:34.003+00:00,TWIST,28,198,1781002413997,1781002414001,0,4,126,510,167,803,0.0,0.25,0.0,0.0,0.0,0.37931,,,
2026-06-09T10:53:34.020+00:00,TWIST,29,199,1781002414012,1781002414015,0,3,136,544,2662,3342,0.0,0.25,0.0,0.0,0.0,0.37931,,,
2026-06-09T10:53:34.067+00:00,TWIST,30,200,1781002414062,1781002414065,0,3,130,538,169,837,0.0,0.25,0.0,0.0,0.0,0.37931,,,
2026-06-09T10:53:34.136+00:00,TWIST,31,201,1781002414131,1781002414134,0,3,124,546,189,859,0.0,-0.275862,0.0,0.0,0.0,0.172414,,,
2026-06-09T10:53:34.181+00:00,TWIST,32,202,1781002414175,1781002414179,0,4,223,619,243,1085,0.0,-0.206897,0.0,0.0,0.0,-0.206897,,,
2026-06-09T10:53:34.254+00:00,TWIST,33,203,1781002414249,1781002414252,0,3,134,539,214,887,0.0,-0.155172,0.0,0.0,0.0,-0.37931,,,
2026-06-09T10:53:34.313+00:00,TWIST,34,204,1781002414308,1781002414311,0,3,117,472,148,737,0.0,0.181034,0.0,0.0,0.0,-0.448276,,,
2026-06-09T10:53:34.392+00:00,TWIST,35,205,1781002414386,1781002414390,0,4,150,648,184,982,0.0,0.410303,0.0,0.0,0.0,-0.285747,,,
2026-06-09T10:53:34.437+00:00,TWIST,36,206,1781002414432,1781002414435,0,3,144,745,197,1086,0.0,0.484667,0.0,0.0,0.0,-0.122873,,,
2026-06-09T10:53:34.535+00:00,TWIST,37,207,1781002414523,1781002414533,0,10,142,551,181,874,0.0,0.437447,0.0,0.0,0.0,0.242158,,,
2026-06-09T10:53:34.638+00:00,TWIST,38,208,1781002414633,1781002414635,0,2,169,518,201,888,0.0,0.258621,0.0,0.0,0.0,0.241379,,,
2026-06-09T10:53:34.758+00:00,TWIST,39,209,1781002414724,1781002414751,0,27,145,454,147,746,0.0,0.103448,0.0,0.0,0.0,-0.051724,,,
2026-06-09T10:53:35.007+00:00,TWIST,40,210,1781002415000,1781002415003,0,3,112,1356,195,1663,0.0,0.456897,0.0,0.0,0.0,-0.12931,,,
2026-06-09T10:53:35.038+00:00,TWIST,41,211,1781002415026,1781002415029,0,3,140,443,143,726,0.0,0.456897,0.0,0.0,0.0,-0.12931,,,
2026-06-09T10:53:35.189+00:00,TWIST,42,212,1781002415182,1781002415186,0,4,150,1436,199,1785,0.0,-0.25,0.0,0.0,0.0,0.137931,,,
2026-06-09T10:53:35.276+00:00,TWIST,43,213,1781002415257,1781002415263,0,6,136,567,175,878,0.0,-0.336207,0.0,0.0,0.0,0.137931,,,
2026-06-09T10:53:35.298+00:00,TWIST,44,214,1781002415284,1781002415290,0,6,127,6019,212,6358,0.0,-0.353448,0.0,0.0,0.0,0.137931,,,
2026-06-09T10:53:35.372+00:00,TWIST,45,215,1781002415367,1781002415370,0,3,183,924,165,1272,0.0,0.206897,0.0,0.0,0.0,0.051724,,,
2026-06-09T10:53:35.432+00:00,TWIST,46,216,1781002415426,1781002415430,0,4,205,605,164,974,0.0,0.482759,0.0,0.0,0.0,-0.008621,,,
2026-06-09T10:53:35.479+00:00,TWIST,47,217,1781002415467,1781002415475,0,8,233,960,302,1495,0.0,0.499931,0.0,0.0,0.0,-0.008332,,,
2026-06-09T10:53:35.516+00:00,TWIST,48,218,1781002415512,1781002415514,0,2,115,465,169,749,0.0,0.499931,0.0,0.0,0.0,-0.008332,,,
2026-06-09T10:53:35.571+00:00,TWIST,49,219,1781002415567,1781002415569,0,2,134,543,205,882,0.0,0.146552,0.0,0.0,0.0,0.008621,,,
2026-06-09T10:53:35.654+00:00,TWIST,50,220,1781002415650,1781002415652,0,2,179,817,217,1213,0.0,-0.215517,0.0,0.0,0.0,0.12931,,,
2026-06-09T10:53:35.721+00:00,TWIST,51,221,1781002415716,1781002415719,0,3,131,646,495,1272,0.0,-0.258621,0.0,0.0,0.0,0.37069,,,
2026-06-09T10:53:35.772+00:00,TWIST,52,222,1781002415767,1781002415769,0,2,120,422,241,783,0.0,0.017241,0.0,0.0,0.0,0.456897,,,
2026-06-09T10:53:35.837+00:00,TWIST,53,223,1781002415833,1781002415835,0,2,130,453,151,734,0.0,0.215236,0.0,0.0,0.0,0.451302,,,
2026-06-09T10:53:35.902+00:00,TWIST,54,224,1781002415895,1781002415899,0,4,143,593,191,927,0.0,0.296195,0.0,0.0,0.0,0.402826,,,
2026-06-09T10:53:35.922+00:00,TWIST,55,225,1781002415917,1781002415920,0,3,120,548,191,859,0.0,0.3,0.0,0.0,0.0,0.4,,,
2026-06-09T10:53:35.970+00:00,TWIST,56,226,1781002415962,1781002415966,0,4,141,1642,208,1991,0.0,0.238973,0.0,0.0,0.0,0.439194,,,
2026-06-09T10:53:36.033+00:00,TWIST,57,227,1781002416028,1781002416031,0,3,172,678,245,1095,0.0,-0.066566,0.0,0.0,0.0,0.495549,,,
2026-06-09T10:53:36.173+00:00,TWIST,58,228,1781002416162,1781002416171,0,9,130,489,156,775,0.0,-0.12069,0.0,0.0,0.0,0.12931,,,
2026-06-09T10:53:36.256+00:00,TWIST,59,229,1781002416250,1781002416253,0,3,754,688,181,1623,0.0,0.146552,0.0,0.0,0.0,-0.344828,,,
2026-06-09T10:53:36.295+00:00,TWIST,60,230,1781002416289,1781002416292,0,3,145,491,179,815,0.0,0.146552,0.0,0.0,0.0,-0.465517,,,
2026-06-09T10:53:36.335+00:00,TWIST,61,231,1781002416330,1781002416333,0,3,174,460,285,919,0.0,0.140635,0.0,0.0,0.0,-0.479814,,,
2026-06-09T10:53:36.367+00:00,TWIST,62,232,1781002416362,1781002416365,0,3,158,579,317,1054,0.0,0.140635,0.0,0.0,0.0,-0.479814,,,
2026-06-09T10:53:36.433+00:00,TWIST,63,233,1781002416428,1781002416430,0,2,140,869,188,1197,0.0,0.0,0.0,0.0,0.0,-0.086207,,,
2026-06-09T10:53:36.519+00:00,TWIST,64,234,1781002416515,1781002416517,0,2,80,487,192,759,0.0,0.0,0.0,0.0,0.0,0.5,,,
2026-06-09T10:53:36.574+00:00,TWIST,65,235,1781002416562,1781002416568,0,6,138,3433,237,3808,0.0,0.0,0.0,0.0,0.0,0.5,,,
2026-06-09T10:53:36.656+00:00,TWIST,66,236,1781002416638,1781002416641,0,3,164,641,13335,14140,0.0,0.353448,0.0,0.0,0.0,0.051724,,,
2026-06-09T10:53:36.693+00:00,TWIST,67,237,1781002416688,1781002416691,0,3,142,437,164,743,0.0,0.318966,0.0,0.0,0.0,-0.181034,,,
2026-06-09T10:53:36.749+00:00,TWIST,68,238,1781002416744,1781002416746,0,2,137,950,204,1291,0.0,0.275862,0.0,0.0,0.0,-0.267241,,,
2026-06-09T10:53:36.794+00:00,TWIST,69,239,1781002416790,1781002416792,0,2,114,389,214,717,0.0,0.224138,0.0,0.0,0.0,-0.284483,,,
2026-06-09T10:53:36.885+00:00,TWIST,70,240,1781002416877,1781002416880,0,3,187,765,3152,4104,0.0,-0.043103,0.0,0.0,0.0,0.275862,,,
2026-06-09T10:53:36.952+00:00,TWIST,71,241,1781002416946,1781002416949,0,3,145,610,171,926,0.0,-0.053032,0.0,0.0,0.0,0.49718,,,
2026-06-09T10:53:36.997+00:00,TWIST,72,242,1781002416988,1781002416993,0,5,1032,674,268,1974,0.0,-0.049144,0.0,0.0,0.0,0.497579,,,
2026-06-09T10:53:37.044+00:00,TWIST,73,243,1781002417036,1781002417040,0,4,125,800,280,1205,0.0,-0.04797,0.0,0.0,0.0,0.497694,,,
2026-06-09T10:53:37.105+00:00,TWIST,74,244,1781002417098,1781002417103,0,5,159,809,198,1166,0.0,0.226346,0.0,0.0,0.0,0.445833,,,
2026-06-09T10:53:37.154+00:00,TWIST,75,245,1781002417147,1781002417151,0,4,191,1489,179,1859,0.0,0.383096,0.0,0.0,0.0,0.321306,,,
2026-06-09T10:53:37.197+00:00,TWIST,76,246,1781002417189,1781002417195,0,6,136,661,202,999,0.0,0.388057,0.0,0.0,0.0,0.315296,,,
2026-06-09T10:53:37.261+00:00,TWIST,77,247,1781002417256,1781002417259,0,3,136,626,205,967,0.0,0.275862,0.0,0.0,0.0,0.405172,,,
2026-06-09T10:53:37.382+00:00,TWIST,78,248,1781002417361,1781002417378,0,17,144,714,195,1053,0.0,-0.060345,0.0,0.0,0.0,0.37931,,,
2026-06-09T10:53:37.468+00:00,TWIST,79,249,1781002417462,1781002417466,0,4,128,757,201,1086,0.0,0.498729,0.0,0.0,0.0,0.035624,,,
2026-06-09T10:53:37.533+00:00,TWIST,80,250,1781002417527,1781002417530,0,3,124,1187,174,1485,0.0,0.5,0.0,0.0,0.0,0.0,,,
2026-06-09T10:53:37.567+00:00,TWIST,81,251,1781002417563,1781002417566,0,3,116,495,163,774,0.0,0.5,0.0,0.0,0.0,0.0,,,
2026-06-09T10:53:37.632+00:00,TWIST,82,252,1781002417627,1781002417630,0,3,77,316,144,537,0.0,0.318966,0.0,0.0,0.0,0.112069,,,
2026-06-09T10:53:37.681+00:00,TWIST,83,253,1781002417677,1781002417680,0,3,146,637,158,941,0.0,0.094828,0.0,0.0,0.0,0.137931,,,
2026-06-09T10:53:37.745+00:00,TWIST,84,254,1781002417739,1781002417743,0,4,166,495,124,785,0.0,0.034483,0.0,0.0,0.0,0.137931,,,
2026-06-09T10:53:37.783+00:00,TWIST,85,255,1781002417777,1781002417781,0,4,174,856,180,1210,0.0,0.025862,0.0,0.0,0.0,0.137931,,,
2026-06-09T10:53:37.861+00:00,TWIST,86,256,1781002417857,1781002417860,0,3,97,396,140,633,0.0,0.431034,0.0,0.0,0.0,0.051724,,,
2026-06-09T10:53:37.874+00:00,TWIST,87,257,1781002417868,1781002417872,0,4,167,473,230,870,0.0,0.456897,0.0,0.0,0.0,0.043103,,,
2026-06-09T10:53:37.968+00:00,TWIST,88,258,1781002417964,1781002417966,0,2,130,492,167,789,0.0,0.396552,0.0,0.0,0.0,-0.224138,,,
2026-06-09T10:53:38.032+00:00,TWIST,89,259,1781002418027,1781002418030,0,3,136,551,203,890,0.0,-0.087346,0.0,0.0,0.0,-0.492312,,,
2026-06-09T10:53:38.099+00:00,TWIST,90,260,1781002418090,1781002418097,0,7,177,531,200,908,0.0,-0.145004,0.0,0.0,0.0,-0.478512,,,
2026-06-09T10:53:38.151+00:00,TWIST,91,261,1781002418146,1781002418149,0,3,180,572,236,988,0.0,-0.050466,0.0,0.0,0.0,-0.497447,,,
2026-06-09T10:53:38.246+00:00,TWIST,92,262,1781002418229,1781002418242,0,13,2221,581,185,2987,0.0,0.303457,0.0,0.0,0.0,-0.397384,,,
2026-06-09T10:53:38.328+00:00,TWIST,93,263,1781002418324,1781002418327,0,3,123,477,184,784,0.0,0.497817,0.0,0.0,0.0,-0.04667,,,
2026-06-09T10:53:38.382+00:00,TWIST,94,264,1781002418377,1781002418380,0,3,122,550,154,826,0.0,0.37931,0.0,0.0,0.0,0.215517,,,
2026-06-09T10:53:38.456+00:00,TWIST,95,265,1781002418450,1781002418453,0,3,164,844,345,1353,0.0,0.258621,0.0,0.0,0.0,0.327586,,,
2026-06-09T10:53:38.534+00:00,TWIST,96,266,1781002418527,1781002418530,0,3,179,2516,230,2925,0.0,0.068966,0.0,0.0,0.0,-0.206897,,,
2026-06-09T10:53:38.584+00:00,TWIST,97,267,1781002418578,1781002418582,0,4,247,763,165,1175,0.0,0.077586,0.0,0.0,0.0,-0.362069,,,
2026-06-09T10:53:38.662+00:00,TWIST,98,268,1781002418652,1781002418659,0,7,145,1281,205,1631,0.0,0.31951,0.0,0.0,0.0,-0.384595,,,
2026-06-09T10:53:38.757+00:00,TWIST,99,269,1781002418750,1781002418755,0,5,141,585,504,1230,0.0,0.49151,0.0,0.0,0.0,-0.091749,,,
2026-06-09T10:53:38.772+00:00,TWIST,100,270,1781002418763,1781002418767,0,4,130,532,200,862,0.0,0.439655,0.0,0.0,0.0,0.137931,,,
2026-06-09T10:53:39.022+00:00,TWIST,101,271,1781002419008,1781002419010,0,2,117,463,158,738,0.0,-0.068966,0.0,0.0,0.0,-0.362069,,,
2026-06-09T10:53:39.034+00:00,TWIST,102,272,1781002419014,1781002419032,0,18,120,460,147,727,0.0,-0.068966,0.0,0.0,0.0,-0.362069,,,
2026-06-09T10:53:39.164+00:00,TWIST,103,273,1781002419144,1781002419156,0,12,143,3572,222,3937,0.0,0.456897,0.0,0.0,0.0,-0.189655,,,
2026-06-09T10:53:39.354+00:00,TWIST,104,274,1781002419348,1781002419351,0,3,131,1112,153,1396,0.0,0.086207,0.0,0.0,0.0,-0.060345,,,
2026-06-09T10:53:39.432+00:00,TWIST,105,275,1781002419408,1781002419413,0,5,3422,3936,180,7538,0.0,0.086207,0.0,0.0,0.0,-0.172414,,,
2026-06-09T10:53:39.453+00:00,TWIST,106,276,1781002419441,1781002419446,0,5,114,457,146,717,0.0,0.086207,0.0,0.0,0.0,-0.172414,,,
2026-06-09T10:53:39.545+00:00,TWIST,107,277,1781002419536,1781002419542,0,6,160,578,170,908,0.0,0.034483,0.0,0.0,0.0,0.275862,,,
2026-06-09T10:53:39.584+00:00,TWIST,108,278,1781002419580,1781002419582,0,2,110,412,150,672,0.0,0.077586,0.0,0.0,0.0,0.37069,,,
2026-06-09T10:53:39.633+00:00,TWIST,109,279,1781002419629,1781002419631,0,2,98,460,228,786,0.0,0.290619,0.0,0.0,0.0,0.406867,,,
2026-06-09T10:53:39.685+00:00,TWIST,110,280,1781002419678,1781002419681,0,3,149,553,1980,2682,0.0,0.373257,0.0,0.0,0.0,0.332685,,,
2026-06-09T10:53:39.770+00:00,TWIST,111,281,1781002419764,1781002419768,0,4,156,624,196,976,0.0,0.344828,0.0,0.0,0.0,-0.112069,,,
2026-06-09T10:53:39.823+00:00,TWIST,112,282,1781002419818,1781002419821,0,3,167,921,176,1264,0.0,0.293103,0.0,0.0,0.0,-0.189655,,,
2026-06-09T10:53:39.879+00:00,TWIST,113,283,1781002419873,1781002419876,0,3,132,958,256,1346,0.0,0.267241,0.0,0.0,0.0,-0.241379,,,
2026-06-09T10:53:39.921+00:00,TWIST,114,284,1781002419916,1781002419919,0,3,111,417,152,680,0.0,0.25,0.0,0.0,0.0,-0.284483,,,
2026-06-09T10:53:39.969+00:00,TWIST,115,285,1781002419963,1781002419967,0,4,655,643,149,1447,0.0,0.241379,0.0,0.0,0.0,-0.293103,,,
2026-06-09T10:53:40.031+00:00,TWIST,116,286,1781002420015,1781002420023,0,8,3318,610,481,4409,0.0,0.189655,0.0,0.0,0.0,-0.232759,,,
2026-06-09T10:53:40.089+00:00,TWIST,117,287,1781002420080,1781002420085,0,5,1809,426,199,2434,0.0,0.172414,0.0,0.0,0.0,0.241379,,,
2026-06-09T10:53:40.162+00:00,TWIST,118,288,1781002420158,1781002420160,0,2,148,591,165,904,0.0,0.210556,0.0,0.0,0.0,0.453504,,,
2026-06-09T10:53:40.185+00:00,TWIST,119,289,1781002420174,1781002420181,0,7,113,467,1926,2506,0.0,0.204528,0.0,0.0,0.0,0.456255,,,
2026-06-09T10:53:40.225+00:00,TWIST,120,290,1781002420212,1781002420217,0,5,142,1523,195,1860,0.0,0.204528,0.0,0.0,0.0,0.456255,,,
2026-06-09T10:53:40.334+00:00,TWIST,121,291,1781002420330,1781002420333,0,3,92,396,170,658,0.0,-0.043103,0.0,0.0,0.0,0.008621,,,
2026-06-09T10:53:40.458+00:00,TWIST,122,292,1781002420455,1781002420457,0,2,86,429,171,686,0.0,-0.077586,0.0,0.0,0.0,-0.267241,,,
2026-06-09T10:53:40.533+00:00,TWIST,123,293,1781002420528,1781002420531,0,3,114,551,185,850,0.0,0.189655,0.0,0.0,0.0,-0.405172,,,
2026-06-09T10:53:40.597+00:00,TWIST,124,294,1781002420592,1781002420595,0,3,261,825,254,1340,0.0,0.412021,0.0,0.0,0.0,-0.283264,,,
2026-06-09T10:53:40.621+00:00,TWIST,125,295,1781002420616,1781002420619,0,3,163,541,199,903,0.0,0.431034,0.0,0.0,0.0,-0.12069,,,
2026-06-09T10:53:40.691+00:00,TWIST,126,296,1781002420688,1781002420690,0,2,100,476,163,739,0.0,0.232759,0.0,0.0,0.0,0.232759,,,
2026-06-09T10:53:40.741+00:00,TWIST,127,297,1781002420733,1781002420739,0,6,137,589,201,927,0.0,0.068966,0.0,0.0,0.0,0.310345,,,
2026-06-09T10:53:40.801+00:00,TWIST,128,298,1781002420780,1781002420785,0,5,160,9567,245,9972,0.0,-0.043103,0.0,0.0,0.0,0.301724,,,
2026-06-09T10:53:40.834+00:00,TWIST,129,299,1781002420820,1781002420827,0,7,132,834,225,1191,0.0,-0.137931,0.0,0.0,0.0,0.267241,,,
2026-06-09T10:53:40.884+00:00,TWIST,130,300,1781002420875,1781002420879,0,4,141,559,2500,3200,0.0,-0.327586,0.0,0.0,0.0,0.267241,,,
2026-06-09T10:53:40.941+00:00,TWIST,131,301,1781002420927,1781002420933,0,6,207,513,182,902,0.0,-0.367678,0.0,0.0,0.0,0.338841,,,
2026-06-09T10:53:41.003+00:00,TWIST,132,302,1781002420991,1781002420995,0,4,176,6082,261,6519,0.0,-0.240549,0.0,0.0,0.0,0.438333,,,
2026-06-09T10:53:41.098+00:00,TWIST,133,303,1781002421093,1781002421096,0,3,169,962,187,1318,0.0,0.153501,0.0,0.0,0.0,0.475854,,,
2026-06-09T10:53:41.151+00:00,TWIST,134,304,1781002421139,1781002421146,0,7,579,832,295,1706,0.0,0.215517,0.0,0.0,0.0,0.163793,,,
2026-06-09T10:53:41.220+00:00,TWIST,135,305,1781002421213,1781002421217,0,4,164,1066,189,1419,0.0,0.043103,0.0,0.0,0.0,-0.137931,,,
2026-06-09T10:53:41.279+00:00,TWIST,136,306,1781002421273,1781002421276,0,3,88,518,517,1123,0.0,-0.008621,0.0,0.0,0.0,-0.181034,,,
2026-06-09T10:53:41.317+00:00,TWIST,137,307,1781002421312,1781002421315,0,3,135,467,393,995,0.0,-0.017241,0.0,0.0,0.0,-0.198276,,,
2026-06-09T10:53:41.369+00:00,TWIST,138,308,1781002421362,1781002421367,0,5,165,574,227,966,0.0,-0.043103,0.0,0.0,0.0,-0.198276,,,
2026-06-09T10:53:41.435+00:00,TWIST,139,309,1781002421430,1781002421433,0,3,101,560,174,835,0.0,-0.172414,0.0,0.0,0.0,-0.112069,,,
2026-06-09T10:53:41.472+00:00,TWIST,140,310,1781002421465,1781002421468,0,3,147,1694,196,2037,0.0,-0.224138,0.0,0.0,0.0,0.060345,,,
2026-06-09T10:53:41.523+00:00,SYNC,141,,1781002421513,,,,,,,,,,,,,,1781002421522,1781002421522,0
2026-06-09T10:53:41.528+00:00,TWIST,142,311,1781002421513,1781002421527,0,14,137,547,145,829,0.0,-0.258621,0.0,0.0,0.0,0.215517,,,
2026-06-09T10:53:41.582+00:00,SYNC,143,,1781002421577,,,,,,,,,,,,,,1781002421581,1781002421581,0
2026-06-09T10:53:42.615+00:00,SYNC,144,,1781002422612,,,,,,,,,,,,,,1781002422614,1781002422614,0
2026-06-09T10:53:43.615+00:00,SYNC,145,,1781002423612,,,,,,,,,,,,,,1781002423614,1781002423614,0
2026-06-09T10:53:44.615+00:00,SYNC,146,,1781002424612,,,,,,,,,,,,,,1781002424614,1781002424614,0
